samples/2019-11-23_21:48:49/img_0.png,0.040374755859375,0.07464599609375,0,0,0
samples/2019-11-23_21:48:49/img_1.png,0.040374755859375,0.07464599609375,0,0,0
samples/2019-11-23_21:48:49/img_2.png,0.040374755859375,0.07464599609375,0,0,0
samples/2019-11-23_21:48:49/img_3.png,0.040374755859375,0.07464599609375,0,0,0
samples/2019-11-23_21:48:49/img_4.png,0.040374755859375,0.07464599609375,0,0,0
samples/2019-11-23_21:48:49/img_5.png,0.040374755859375,0.07464599609375,0,0,0
samples/2019-11-23_21:48:49/img_6.png,0.040374755859375,0.07464599609375,0,0,0
samples/2019-11-23_21:48:49/img_7.png,0.040374755859375,0.07464599609375,0,0,0
samples/2019-11-23_21:48:49/img_8.png,0.040374755859375,0.07464599609375,0,0,0
samples/2019-11-23_21:48:49/img_9.png,0.040374755859375,0.07464599609375,0,0,0
samples/2019-11-23_21:48:49/img_10.png,0.040374755859375,0.07464599609375,0,0,0
samples/2019-11-23_21:48:49/img_11.png,0.040374755859375,0.07464599609375,0,0,0
samples/2019-11-23_21:48:49/img_12.png,0.040374755859375,0.07464599609375,0,0,0
samples/2019-11-23_21:48:49/img_13.png,0.040374755859375,0.07464599609375,0,0,0
samples/2019-11-23_21:48:49/img_14.png,0.040374755859375,0.07464599609375,0,0,0
samples/2019-11-23_21:48:49/img_15.png,0.040374755859375,0.07464599609375,0,0,0
samples/2019-11-23_21:48:49/img_16.png,0.040374755859375,0.077911376953125,1,0,0
samples/2019-11-23_21:48:49/img_17.png,0.040374755859375,0.077911376953125,1,0,0
samples/2019-11-23_21:48:49/img_18.png,0.040374755859375,0.077911376953125,1,0,0
samples/2019-11-23_21:48:49/img_19.png,0.040374755859375,0.077911376953125,1,0,0
samples/2019-11-23_21:48:49/img_20.png,0.040374755859375,0.077911376953125,1,0,0
samples/2019-11-23_21:48:49/img_21.png,0.040374755859375,0.077911376953125,1,0,0
samples/2019-11-23_21:48:49/img_22.png,0.040374755859375,0.077911376953125,1,0,0
samples/2019-11-23_21:48:49/img_23.png,0.040374755859375,0.077911376953125,1,0,0
samples/2019-11-23_21:48:49/img_24.png,0.040374755859375,0.077911376953125,1,0,0
samples/2019-11-23_21:48:49/img_25.png,0.040374755859375,0.077911376953125,1,0,0
samples/2019-11-23_21:48:49/img_26.png,0.040374755859375,0.077911376953125,1,0,0
samples/2019-11-23_21:48:49/img_27.png,0.040374755859375,0.077911376953125,1,0,0
samples/2019-11-23_21:48:49/img_28.png,0.9161376953125,0.077911376953125,1,0,0
samples/2019-11-23_21:48:49/img_29.png,0.0496826171875,0.07464599609375,1,0,0
samples/2019-11-23_21:48:49/img_30.png,0.040374755859375,0.07464599609375,1,0,0
samples/2019-11-23_21:48:49/img_31.png,0.040374755859375,0.07464599609375,1,0,0
samples/2019-11-23_21:48:49/img_32.png,0.999969482421875,0.077911376953125,1,0,0
samples/2019-11-23_21:48:49/img_33.png,0.583831787109375,0.077911376953125,1,0,0
samples/2019-11-23_21:48:49/img_34.png,0.88818359375,0.13958740234375,1,0,0
samples/2019-11-23_21:48:49/img_35.png,0.13043212890625,0.110382080078125,1,0,0
samples/2019-11-23_21:48:49/img_36.png,0.037261962890625,0.08441162109375,1,0,0
samples/2019-11-23_21:48:49/img_37.png,0.037261962890625,0.08441162109375,1,0,0
samples/2019-11-23_21:48:49/img_38.png,0.999969482421875,0.146087646484375,1,0,0
samples/2019-11-23_21:48:49/img_39.png,0.999969482421875,0.146087646484375,1,0,0
samples/2019-11-23_21:48:49/img_40.png,0.999969482421875,0.198028564453125,0,0,0
samples/2019-11-23_21:48:49/img_41.png,0.80743408203125,0.159088134765625,0,0,0
samples/2019-11-23_21:48:49/img_42.png,0.347808837890625,0.1201171875,0,0,0
samples/2019-11-23_21:48:49/img_43.png,0.04656982421875,0.07464599609375,1,0,0
samples/2019-11-23_21:48:49/img_44.png,-0.195648193359375,0.077911376953125,1,0,0
samples/2019-11-23_21:48:49/img_45.png,-0.11181640625,0.06817626953125,1,0,0
samples/2019-11-23_21:48:49/img_46.png,0.922332763671875,0.129852294921875,1,0,0
samples/2019-11-23_21:48:49/img_47.png,0.922332763671875,0.13958740234375,1,0,0
samples/2019-11-23_21:48:49/img_48.png,0.15216064453125,0.142852783203125,1,0,0
samples/2019-11-23_21:48:49/img_49.png,0.999969482421875,0.126617431640625,1,0,0
samples/2019-11-23_21:48:49/img_50.png,0.0,0.1038818359375,1,0,0
samples/2019-11-23_21:48:49/img_51.png,-0.096282958984375,0.1038818359375,1,0,0
samples/2019-11-23_21:48:49/img_52.png,0.006195068359375,0.094146728515625,1,0,0
samples/2019-11-23_21:48:49/img_53.png,0.012420654296875,0.08441162109375,1,0,0
samples/2019-11-23_21:48:49/img_54.png,0.012420654296875,0.07464599609375,1,0,0
samples/2019-11-23_21:48:49/img_55.png,0.012420654296875,0.07464599609375,1,0,0
samples/2019-11-23_21:48:49/img_56.png,0.012420654296875,0.07464599609375,1,0,0
samples/2019-11-23_21:48:49/img_57.png,0.012420654296875,0.07464599609375,1,0,0
samples/2019-11-23_21:48:49/img_58.png,0.012420654296875,0.07464599609375,0,0,0
samples/2019-11-23_21:48:49/img_59.png,0.189422607421875,0.07464599609375,0,0,0
samples/2019-11-23_21:48:49/img_60.png,0.999969482421875,0.1363525390625,0,0,0
samples/2019-11-23_21:48:49/img_61.png,0.8602294921875,0.1363525390625,0,0,0
samples/2019-11-23_21:48:49/img_62.png,0.999969482421875,0.25323486328125,0,0,0
samples/2019-11-23_21:48:49/img_63.png,0.999969482421875,0.25323486328125,0,0,0
samples/2019-11-23_21:48:49/img_64.png,0.1273193359375,0.0389404296875,0,0,0
samples/2019-11-23_21:48:49/img_65.png,0.04656982421875,0.03570556640625,0,0,0
samples/2019-11-23_21:48:49/img_66.png,0.6490478515625,0.06817626953125,1,0,0
samples/2019-11-23_21:48:49/img_67.png,0.999969482421875,0.18829345703125,0,0,0
samples/2019-11-23_21:48:49/img_68.png,0.999969482421875,0.217498779296875,0,0,0
samples/2019-11-23_21:48:49/img_69.png,0.999969482421875,0.227264404296875,0,0,0
samples/2019-11-23_21:48:49/img_70.png,0.999969482421875,0.2564697265625,0,0,0
samples/2019-11-23_21:48:49/img_71.png,0.869537353515625,0.2564697265625,0,0,0
samples/2019-11-23_21:48:49/img_72.png,0.9937744140625,0.259735107421875,1,0,0
samples/2019-11-23_21:48:49/img_73.png,0.999969482421875,0.272705078125,1,0,0
samples/2019-11-23_21:48:49/img_74.png,0.1273193359375,0.087646484375,1,0,0
samples/2019-11-23_21:48:49/img_75.png,0.1273193359375,0.087646484375,0,0,0
samples/2019-11-23_21:48:49/img_76.png,0.999969482421875,0.211029052734375,0,0,0
samples/2019-11-23_21:48:49/img_77.png,0.999969482421875,0.23699951171875,1,0,0
samples/2019-11-23_21:48:49/img_78.png,0.999969482421875,0.240234375,0,0,0
samples/2019-11-23_21:48:49/img_79.png,0.999969482421875,0.262969970703125,1,0,0
samples/2019-11-23_21:48:49/img_80.png,0.999969482421875,0.266204833984375,0,0,0
samples/2019-11-23_21:48:49/img_81.png,0.217376708984375,0.13958740234375,1,0,0
samples/2019-11-23_21:48:49/img_82.png,0.987548828125,0.27593994140625,0,0,0
samples/2019-11-23_21:48:49/img_83.png,0.98443603515625,0.282440185546875,1,0,0
samples/2019-11-23_21:48:49/img_84.png,0.875762939453125,0.28570556640625,0,0,0
samples/2019-11-23_21:48:49/img_85.png,0.950286865234375,0.282440185546875,1,0,0
samples/2019-11-23_21:48:49/img_86.png,0.043487548828125,0.06817626953125,1,0,0
samples/2019-11-23_21:48:49/img_87.png,-0.565216064453125,0.06817626953125,1,0,0
samples/2019-11-23_21:48:49/img_88.png,-0.558990478515625,-0.0162353515625,1,0,0
samples/2019-11-23_21:48:49/img_89.png,-0.139739990234375,-0.009765625,0,0,0
samples/2019-11-23_21:48:49/img_90.png,-0.987548828125,0.00323486328125,1,0,0
samples/2019-11-23_21:48:49/img_91.png,-0.987548828125,0.01947021484375,0,0,0
samples/2019-11-23_21:48:49/img_92.png,-0.987548828125,0.042205810546875,0,0,0
samples/2019-11-23_21:48:49/img_93.png,-0.987548828125,0.045440673828125,0,0,0
samples/2019-11-23_21:48:49/img_94.png,-0.987548828125,0.042205810546875,0,0,0
samples/2019-11-23_21:48:49/img_95.png,-0.987548828125,0.042205810546875,0,0,0
samples/2019-11-23_21:48:49/img_96.png,-0.987548828125,0.045440673828125,0,0,0
samples/2019-11-23_21:48:49/img_97.png,-0.984466552734375,0.048675537109375,1,0,0
samples/2019-11-23_21:48:49/img_98.png,-0.987548828125,-0.058441162109375,1,0,0
samples/2019-11-23_21:48:49/img_99.png,-0.987548828125,-0.087677001953125,1,0,0
samples/2019-11-23_21:48:49/img_100.png,0.043487548828125,-0.1785888671875,1,0,0
samples/2019-11-23_21:48:49/img_101.png,-0.0341796875,-0.172088623046875,1,0,0
samples/2019-11-23_21:48:49/img_102.png,-0.9720458984375,-0.123382568359375,0,0,0
samples/2019-11-23_21:48:49/img_103.png,-0.984466552734375,-0.071441650390625,1,0,0
samples/2019-11-23_21:48:49/img_104.png,-0.661468505859375,-0.074676513671875,1,0,0
samples/2019-11-23_21:48:49/img_105.png,-0.142852783203125,-0.06494140625,1,0,0
samples/2019-11-23_21:48:49/img_106.png,-0.984466552734375,-0.051971435546875,1,0,0
samples/2019-11-23_21:48:49/img_107.png,-0.984466552734375,-0.051971435546875,1,0,0
samples/2019-11-23_21:48:49/img_108.png,-0.118011474609375,-0.068206787109375,0,0,0
samples/2019-11-23_21:48:49/img_109.png,-0.1273193359375,-0.068206787109375,0,0,0
samples/2019-11-23_21:48:49/img_110.png,-0.10247802734375,-0.071441650390625,1,0,0
samples/2019-11-23_21:48:49/img_111.png,-0.10247802734375,-0.071441650390625,1,0,0
samples/2019-11-23_21:48:49/img_112.png,-0.819854736328125,-0.01300048828125,1,0,0
samples/2019-11-23_21:48:49/img_113.png,-0.984466552734375,-0.01300048828125,1,0,0
samples/2019-11-23_21:48:49/img_114.png,-0.021728515625,-0.019500732421875,1,0,0
samples/2019-11-23_21:48:49/img_115.png,-0.021728515625,-0.019500732421875,1,0,0
samples/2019-11-23_21:48:49/img_116.png,-0.012420654296875,-0.022735595703125,1,0,0
samples/2019-11-23_21:48:49/img_117.png,-0.012420654296875,-0.022735595703125,1,0,0
samples/2019-11-23_21:48:49/img_118.png,-0.984466552734375,-0.055206298828125,1,0,0
samples/2019-11-23_21:48:49/img_119.png,-0.639739990234375,-0.0811767578125,1,0,0
samples/2019-11-23_21:48:49/img_120.png,-0.8043212890625,-0.038970947265625,1,0,0
samples/2019-11-23_21:48:49/img_121.png,-0.96270751953125,-0.019500732421875,1,0,0
samples/2019-11-23_21:48:49/img_122.png,-0.826080322265625,-0.022735595703125,0,0,0
samples/2019-11-23_21:48:49/img_123.png,-0.090057373046875,-0.022735595703125,0,0,0
samples/2019-11-23_21:48:49/img_124.png,-0.018646240234375,-0.019500732421875,1,0,0
samples/2019-11-23_21:48:49/img_125.png,-0.018646240234375,-0.019500732421875,1,0,0
samples/2019-11-23_21:48:49/img_126.png,-0.021728515625,-0.019500732421875,1,0,0
samples/2019-11-23_21:48:49/img_127.png,-0.021728515625,-0.019500732421875,0,0,0
samples/2019-11-23_21:48:49/img_128.png,-0.021728515625,-0.022735595703125,1,0,0
samples/2019-11-23_21:48:49/img_129.png,-0.667694091796875,-0.04547119140625,1,0,0
samples/2019-11-23_21:48:49/img_130.png,-0.80743408203125,-0.155853271484375,1,0,0
samples/2019-11-23_21:48:49/img_131.png,-0.11181640625,-0.068206787109375,1,0,0
samples/2019-11-23_21:48:49/img_132.png,-0.984466552734375,-0.051971435546875,1,0,0
samples/2019-11-23_21:48:49/img_133.png,-0.981353759765625,-0.042205810546875,1,0,0
samples/2019-11-23_21:48:49/img_134.png,-0.816741943359375,-0.055206298828125,0,0,0
samples/2019-11-23_21:48:49/img_135.png,-0.987548828125,-0.051971435546875,0,0,0
samples/2019-11-23_21:48:49/img_136.png,-0.987548828125,-0.0162353515625,0,0,0
samples/2019-11-23_21:48:49/img_137.png,-0.987548828125,-0.0162353515625,0,0,0
samples/2019-11-23_21:48:49/img_138.png,0.043487548828125,-0.0260009765625,1,0,0
samples/2019-11-23_21:48:49/img_139.png,0.686309814453125,-0.0260009765625,0,0,0
samples/2019-11-23_21:48:49/img_140.png,0.326080322265625,0.045440673828125,1,0,0
samples/2019-11-23_21:48:49/img_141.png,0.326080322265625,0.045440673828125,1,0,0
samples/2019-11-23_21:48:49/img_142.png,0.12420654296875,0.016204833984375,1,0,0
samples/2019-11-23_21:48:49/img_143.png,0.12420654296875,0.016204833984375,1,0,0
samples/2019-11-23_21:48:49/img_144.png,0.999969482421875,0.113616943359375,1,0,0
samples/2019-11-23_21:48:49/img_145.png,0.999969482421875,0.1201171875,1,0,0
samples/2019-11-23_21:48:49/img_146.png,0.083831787109375,0.042205810546875,1,0,0
samples/2019-11-23_21:48:49/img_147.png,0.055908203125,0.0389404296875,1,0,0
samples/2019-11-23_21:48:49/img_148.png,0.54345703125,0.061676025390625,1,0,0
samples/2019-11-23_21:48:49/img_149.png,0.999969482421875,0.194793701171875,1,0,0
samples/2019-11-23_21:48:49/img_150.png,0.999969482421875,0.211029052734375,0,0,0
samples/2019-11-23_21:48:49/img_151.png,0.999969482421875,0.211029052734375,0,0,0
samples/2019-11-23_21:48:49/img_152.png,0.999969482421875,0.211029052734375,0,0,0
samples/2019-11-23_21:48:49/img_153.png,0.999969482421875,0.211029052734375,1,0,0
samples/2019-11-23_21:48:49/img_154.png,0.999969482421875,0.211029052734375,0,0,0
samples/2019-11-23_21:48:49/img_155.png,0.999969482421875,0.211029052734375,0,0,0
samples/2019-11-23_21:48:49/img_156.png,0.999969482421875,0.211029052734375,1,0,0
samples/2019-11-23_21:48:49/img_157.png,0.77947998046875,0.1915283203125,1,0,0
samples/2019-11-23_21:48:49/img_158.png,0.77947998046875,0.1915283203125,1,0,0
samples/2019-11-23_21:48:49/img_159.png,0.1273193359375,0.048675537109375,0,0,0
samples/2019-11-23_21:48:49/img_160.png,0.118011474609375,0.048675537109375,0,0,0
samples/2019-11-23_21:48:49/img_161.png,0.118011474609375,0.048675537109375,0,0,0
samples/2019-11-23_21:48:49/img_162.png,0.95648193359375,0.1201171875,0,0,0
samples/2019-11-23_21:48:49/img_163.png,0.978240966796875,0.129852294921875,0,0,0
samples/2019-11-23_21:48:49/img_164.png,0.999969482421875,0.13958740234375,0,0,0
samples/2019-11-23_21:48:49/img_165.png,0.999969482421875,0.149322509765625,0,0,0
samples/2019-11-23_21:48:49/img_166.png,0.999969482421875,0.149322509765625,0,0,0
samples/2019-11-23_21:48:49/img_167.png,0.999969482421875,0.149322509765625,0,0,0
samples/2019-11-23_21:48:49/img_168.png,0.664581298828125,0.146087646484375,1,0,0
samples/2019-11-23_21:48:49/img_169.png,0.121124267578125,0.064910888671875,1,0,0
samples/2019-11-23_21:48:49/img_170.png,0.999969482421875,0.162322998046875,0,0,0
samples/2019-11-23_21:48:49/img_171.png,0.999969482421875,0.17205810546875,0,0,0
samples/2019-11-23_21:48:49/img_172.png,0.999969482421875,0.181793212890625,0,0,0
samples/2019-11-23_21:48:49/img_173.png,0.999969482421875,0.181793212890625,0,0,0
samples/2019-11-23_21:48:49/img_174.png,0.13043212890625,0.087646484375,1,0,0
samples/2019-11-23_21:48:49/img_175.png,0.05279541015625,0.07464599609375,1,0,0
samples/2019-11-23_21:48:49/img_176.png,0.043487548828125,0.07464599609375,1,0,0
samples/2019-11-23_21:48:49/img_177.png,0.043487548828125,0.07464599609375,1,0,0
samples/2019-11-23_21:48:49/img_178.png,0.037261962890625,0.07464599609375,1,0,0
samples/2019-11-23_21:48:49/img_179.png,0.037261962890625,0.07464599609375,1,0,0
samples/2019-11-23_21:48:49/img_180.png,0.037261962890625,0.07464599609375,1,0,0
samples/2019-11-23_21:48:49/img_181.png,-0.043487548828125,0.07464599609375,1,0,0
samples/2019-11-23_21:48:49/img_182.png,-0.4720458984375,-0.0162353515625,0,0,0
samples/2019-11-23_21:48:49/img_183.png,-0.599365234375,-0.019500732421875,1,0,0
samples/2019-11-23_21:48:49/img_184.png,-0.18011474609375,-0.055206298828125,0,0,0
samples/2019-11-23_21:48:49/img_185.png,-0.16461181640625,-0.058441162109375,1,0,0
samples/2019-11-23_21:48:49/img_186.png,-0.39752197265625,-0.058441162109375,1,0,0
samples/2019-11-23_21:48:49/img_187.png,-0.987548828125,-0.06494140625,1,0,0
samples/2019-11-23_21:48:49/img_188.png,-0.987548828125,-0.06170654296875,0,0,0
samples/2019-11-23_21:48:49/img_189.png,-0.987548828125,-0.055206298828125,1,0,0
samples/2019-11-23_21:48:49/img_190.png,-0.987548828125,-0.055206298828125,1,0,0
samples/2019-11-23_21:48:49/img_191.png,-0.984466552734375,-0.0811767578125,1,0,0
samples/2019-11-23_21:48:49/img_192.png,-0.96893310546875,-0.1461181640625,1,0,0
samples/2019-11-23_21:48:49/img_193.png,-0.50311279296875,-0.155853271484375,1,0,0
samples/2019-11-23_21:48:49/img_194.png,0.136627197265625,-0.051971435546875,1,0,0
samples/2019-11-23_21:48:49/img_195.png,0.841583251953125,0.077911376953125,1,0,0
samples/2019-11-23_21:48:49/img_196.png,0.034149169921875,0.064910888671875,1,0,0
samples/2019-11-23_21:48:49/img_197.png,-0.090057373046875,0.064910888671875,1,0,0
samples/2019-11-23_21:48:49/img_198.png,-0.099395751953125,0.064910888671875,1,0,0
samples/2019-11-23_21:48:49/img_199.png,-0.099395751953125,0.064910888671875,1,0,0
samples/2019-11-23_21:48:49/img_200.png,0.322967529296875,0.064910888671875,1,0,0
samples/2019-11-23_21:48:49/img_201.png,0.15216064453125,0.064910888671875,1,0,0
samples/2019-11-23_21:48:49/img_202.png,0.894378662109375,0.18505859375,1,0,0
samples/2019-11-23_21:48:49/img_203.png,0.894378662109375,0.18505859375,1,0,0
samples/2019-11-23_21:48:49/img_204.png,0.310546875,0.165557861328125,1,0,0
samples/2019-11-23_21:48:49/img_205.png,0.167694091796875,0.13958740234375,1,0,0
samples/2019-11-23_21:48:49/img_206.png,0.145965576171875,0.13958740234375,1,0,0
samples/2019-11-23_21:48:49/img_207.png,0.136627197265625,0.116851806640625,1,0,0
samples/2019-11-23_21:48:49/img_208.png,0.1273193359375,0.110382080078125,1,0,0
samples/2019-11-23_21:48:49/img_209.png,0.1273193359375,0.110382080078125,1,0,0
samples/2019-11-23_21:48:49/img_210.png,-0.009307861328125,0.06817626953125,1,0,0
samples/2019-11-23_21:48:49/img_211.png,-0.0341796875,0.06817626953125,1,0,0
samples/2019-11-23_21:48:49/img_212.png,-0.0341796875,0.06817626953125,1,0,0
samples/2019-11-23_21:48:49/img_213.png,-0.0341796875,0.06817626953125,1,0,0
samples/2019-11-23_21:48:49/img_214.png,-0.0341796875,0.06817626953125,1,0,0
samples/2019-11-23_21:48:49/img_215.png,-0.0341796875,0.06817626953125,1,0,0
samples/2019-11-23_21:48:49/img_216.png,-0.0341796875,0.06817626953125,1,0,0
samples/2019-11-23_21:48:49/img_217.png,-0.0341796875,0.06817626953125,1,0,0
samples/2019-11-23_21:48:49/img_218.png,-0.0341796875,0.06817626953125,1,0,0
samples/2019-11-23_21:48:49/img_219.png,-0.0341796875,0.06817626953125,1,0,0
samples/2019-11-23_21:48:49/img_220.png,0.015533447265625,0.06817626953125,1,0,0
samples/2019-11-23_21:48:49/img_221.png,0.0279541015625,0.0714111328125,0,0,0
samples/2019-11-23_21:48:49/img_222.png,0.75152587890625,0.13958740234375,1,0,0
samples/2019-11-23_21:48:49/img_223.png,0.760833740234375,0.13958740234375,1,0,0
samples/2019-11-23_21:48:49/img_224.png,0.763946533203125,0.13958740234375,1,0,0
samples/2019-11-23_21:48:49/img_225.png,0.767059326171875,0.13958740234375,0,0,0
samples/2019-11-23_21:48:49/img_226.png,0.999969482421875,0.23699951171875,1,0,0
samples/2019-11-23_21:48:49/img_227.png,0.999969482421875,0.240234375,0,0,0
samples/2019-11-23_21:48:49/img_228.png,0.999969482421875,0.243499755859375,1,0,0
samples/2019-11-23_21:48:49/img_229.png,0.555877685546875,0.17529296875,0,0,0
samples/2019-11-23_21:48:49/img_230.png,0.5931396484375,0.110382080078125,0,0,0
samples/2019-11-23_21:48:49/img_231.png,0.987548828125,0.207763671875,0,0,0
samples/2019-11-23_21:48:49/img_232.png,0.999969482421875,0.25323486328125,1,0,0
samples/2019-11-23_21:48:49/img_233.png,0.999969482421875,0.25323486328125,0,0,0
samples/2019-11-23_21:48:49/img_234.png,0.999969482421875,0.25323486328125,1,0,0
samples/2019-11-23_21:48:49/img_235.png,0.999969482421875,0.25323486328125,0,0,0
samples/2019-11-23_21:48:49/img_236.png,0.999969482421875,0.2564697265625,0,0,0
samples/2019-11-23_21:48:49/img_237.png,0.8602294921875,0.25323486328125,1,0,0
samples/2019-11-23_21:48:49/img_238.png,0.1832275390625,0.1038818359375,0,0,0
samples/2019-11-23_21:48:49/img_239.png,-0.124237060546875,0.022705078125,1,0,0
samples/2019-11-23_21:48:49/img_240.png,-0.57452392578125,-0.068206787109375,0,0,0
samples/2019-11-23_21:48:49/img_241.png,-0.75152587890625,-0.09417724609375,1,0,0
samples/2019-11-23_21:48:49/img_242.png,0.0,-0.06170654296875,0,0,0
samples/2019-11-23_21:48:49/img_243.png,0.009307861328125,-0.055206298828125,0,0,0
samples/2019-11-23_21:48:49/img_244.png,-0.0062255859375,-0.058441162109375,0,0,0
samples/2019-11-23_21:48:49/img_245.png,-0.0838623046875,-0.058441162109375,1,0,0
samples/2019-11-23_21:48:49/img_246.png,-0.08074951171875,-0.058441162109375,0,0,0
samples/2019-11-23_21:48:49/img_247.png,0.195648193359375,-0.0162353515625,1,0,0
samples/2019-11-23_21:48:49/img_248.png,0.999969482421875,0.282440185546875,1,0,0
samples/2019-11-23_21:48:49/img_249.png,0.999969482421875,0.282440185546875,1,0,0
samples/2019-11-23_21:48:49/img_250.png,0.999969482421875,0.282440185546875,1,0,0
samples/2019-11-23_21:48:49/img_251.png,0.999969482421875,0.282440185546875,0,0,0
samples/2019-11-23_21:48:49/img_252.png,0.999969482421875,0.279205322265625,0,0,0
samples/2019-11-23_21:48:49/img_253.png,0.999969482421875,0.282440185546875,1,0,0
samples/2019-11-23_21:48:49/img_254.png,0.999969482421875,0.282440185546875,0,0,0
samples/2019-11-23_21:48:49/img_255.png,0.999969482421875,0.282440185546875,1,0,0
samples/2019-11-23_21:48:49/img_256.png,0.999969482421875,0.282440185546875,0,0,0
samples/2019-11-23_21:48:49/img_257.png,0.999969482421875,0.282440185546875,1,0,0
samples/2019-11-23_21:48:49/img_258.png,0.999969482421875,0.282440185546875,0,0,0
samples/2019-11-23_21:48:49/img_259.png,0.245330810546875,0.110382080078125,0,0,0
samples/2019-11-23_21:48:49/img_260.png,-0.009307861328125,0.0714111328125,0,0,0
samples/2019-11-23_21:48:49/img_261.png,-0.195648193359375,0.058441162109375,1,0,0
samples/2019-11-23_21:48:49/img_262.png,-0.211181640625,0.058441162109375,0,0,0
samples/2019-11-23_21:48:49/img_263.png,-0.636627197265625,-0.06170654296875,1,0,0
samples/2019-11-23_21:48:49/img_264.png,-0.633544921875,-0.09417724609375,1,0,0
samples/2019-11-23_21:48:49/img_265.png,-0.618011474609375,-0.09417724609375,0,0,0
samples/2019-11-23_21:48:49/img_266.png,-0.978240966796875,-0.123382568359375,1,0,0
samples/2019-11-23_21:48:49/img_267.png,-0.978240966796875,-0.123382568359375,0,0,0
samples/2019-11-23_21:48:49/img_268.png,-0.981353759765625,-0.120147705078125,1,0,0
samples/2019-11-23_21:48:49/img_269.png,-0.981353759765625,-0.120147705078125,1,0,0
samples/2019-11-23_21:48:49/img_270.png,-0.978240966796875,-0.1298828125,1,0,0
samples/2019-11-23_21:48:49/img_271.png,-0.981353759765625,-0.1461181640625,1,0,0
samples/2019-11-23_21:48:49/img_272.png,-0.723602294921875,-0.142852783203125,1,0,0
samples/2019-11-23_21:48:49/img_273.png,-0.043487548828125,-0.074676513671875,1,0,0
samples/2019-11-23_21:48:49/img_274.png,-0.055908203125,-0.058441162109375,1,0,0
samples/2019-11-23_21:48:49/img_275.png,-0.055908203125,-0.058441162109375,1,0,0
samples/2019-11-23_21:48:49/img_276.png,-0.975128173828125,-0.06170654296875,1,0,0
samples/2019-11-23_21:48:49/img_277.png,-0.984466552734375,-0.058441162109375,1,0,0
samples/2019-11-23_21:48:49/img_278.png,-0.984466552734375,-0.058441162109375,1,0,0
samples/2019-11-23_21:48:49/img_279.png,-0.984466552734375,-0.058441162109375,1,0,0
samples/2019-11-23_21:48:49/img_280.png,-0.984466552734375,-0.058441162109375,1,0,0
samples/2019-11-23_21:48:49/img_281.png,-0.984466552734375,-0.058441162109375,1,0,0
samples/2019-11-23_21:48:49/img_282.png,-0.149078369140625,-0.0487060546875,1,0,0
samples/2019-11-23_21:48:49/img_283.png,-0.81365966796875,-0.06494140625,1,0,0
samples/2019-11-23_21:48:49/img_284.png,-0.978240966796875,-0.139617919921875,1,0,0
samples/2019-11-23_21:48:49/img_285.png,-0.978240966796875,-0.1461181640625,0,0,0
samples/2019-11-23_21:48:49/img_286.png,-0.695648193359375,-0.142852783203125,1,0,0
samples/2019-11-23_21:48:49/img_287.png,-0.10247802734375,-0.06494140625,1,0,0
samples/2019-11-23_21:48:49/img_288.png,0.832275390625,0.10064697265625,1,0,0
samples/2019-11-23_21:48:49/img_289.png,0.832275390625,0.110382080078125,1,0,0
samples/2019-11-23_21:48:49/img_290.png,0.6707763671875,0.116851806640625,1,0,0
samples/2019-11-23_21:48:49/img_291.png,0.276397705078125,0.110382080078125,1,0,0
samples/2019-11-23_21:48:49/img_292.png,0.13043212890625,0.097381591796875,1,0,0
samples/2019-11-23_21:48:49/img_293.png,-0.03106689453125,0.0714111328125,1,0,0
samples/2019-11-23_21:48:49/img_294.png,0.086944580078125,0.0714111328125,1,0,0
samples/2019-11-23_21:48:49/img_295.png,0.15216064453125,0.06817626953125,1,0,0
samples/2019-11-23_21:48:49/img_296.png,0.0714111328125,0.0714111328125,1,0,0
samples/2019-11-23_21:48:49/img_297.png,0.05279541015625,0.0714111328125,1,0,0
samples/2019-11-23_21:48:49/img_298.png,-0.434783935546875,0.0,1,0,0
samples/2019-11-23_21:48:49/img_299.png,-0.456512451171875,-0.009765625,1,0,0
samples/2019-11-23_21:48:49/img_300.png,-0.18011474609375,-0.006500244140625,1,0,0
samples/2019-11-23_21:48:49/img_301.png,-0.124237060546875,-0.009765625,1,0,0
samples/2019-11-23_21:48:49/img_302.png,-0.114898681640625,-0.006500244140625,1,0,0
samples/2019-11-23_21:48:49/img_303.png,-0.114898681640625,-0.006500244140625,1,0,0
samples/2019-11-23_21:48:49/img_304.png,-0.114898681640625,-0.006500244140625,1,0,0
samples/2019-11-23_21:48:49/img_305.png,-0.114898681640625,-0.006500244140625,1,0,0
samples/2019-11-23_21:48:49/img_306.png,-0.114898681640625,-0.006500244140625,1,0,0
samples/2019-11-23_21:48:49/img_307.png,-0.118011474609375,0.03570556640625,1,0,0
samples/2019-11-23_21:48:49/img_308.png,-0.118011474609375,0.045440673828125,1,0,0
samples/2019-11-23_21:48:49/img_309.png,-0.118011474609375,0.045440673828125,1,0,0
samples/2019-11-23_21:48:49/img_310.png,-0.118011474609375,0.03570556640625,1,0,0
samples/2019-11-23_21:48:49/img_311.png,-0.118011474609375,0.03570556640625,1,0,0
samples/2019-11-23_21:48:49/img_312.png,-0.118011474609375,0.03570556640625,1,0,0
samples/2019-11-23_21:48:49/img_313.png,-0.118011474609375,0.03570556640625,1,0,0
samples/2019-11-23_21:48:49/img_314.png,-0.118011474609375,0.03570556640625,1,0,0
samples/2019-11-23_21:48:49/img_315.png,-0.118011474609375,0.03570556640625,1,0,0
samples/2019-11-23_21:48:49/img_316.png,-0.118011474609375,0.03570556640625,1,0,0
samples/2019-11-23_21:48:49/img_317.png,-0.118011474609375,0.03570556640625,1,0,0
samples/2019-11-23_21:48:49/img_318.png,0.17388916015625,0.0389404296875,0,0,0
samples/2019-11-23_21:48:49/img_319.png,0.562103271484375,0.0389404296875,0,0,0
samples/2019-11-23_21:48:49/img_320.png,0.999969482421875,0.077911376953125,0,0,0
samples/2019-11-23_21:48:49/img_321.png,0.999969482421875,0.077911376953125,0,0,0
samples/2019-11-23_21:48:49/img_322.png,0.12420654296875,0.0714111328125,1,0,0
samples/2019-11-23_21:48:49/img_323.png,0.677001953125,0.06817626953125,1,0,0
samples/2019-11-23_21:48:49/img_324.png,0.999969482421875,0.13958740234375,1,0,0
samples/2019-11-23_21:48:49/img_325.png,0.999969482421875,0.13958740234375,1,0,0
samples/2019-11-23_21:48:49/img_326.png,0.999969482421875,0.198028564453125,0,0,0
samples/2019-11-23_21:48:49/img_327.png,0.999969482421875,0.233734130859375,0,0,0
samples/2019-11-23_21:48:49/img_328.png,0.999969482421875,0.240234375,1,0,0
samples/2019-11-23_21:48:49/img_329.png,0.444091796875,0.126617431640625,0,0,0
samples/2019-11-23_21:48:49/img_330.png,0.999969482421875,0.1363525390625,0,0,0
samples/2019-11-23_21:48:49/img_331.png,0.214263916015625,0.07464599609375,0,0,0
samples/2019-11-23_21:48:49/img_332.png,0.403717041015625,0.0714111328125,0,0,0
samples/2019-11-23_21:48:49/img_333.png,0.406829833984375,0.07464599609375,1,0,0
samples/2019-11-23_21:48:49/img_334.png,0.372650146484375,0.07464599609375,1,0,0
samples/2019-11-23_21:48:49/img_335.png,0.136627197265625,0.0714111328125,1,0,0
samples/2019-11-23_21:48:49/img_336.png,-0.009307861328125,0.0714111328125,1,0,0
samples/2019-11-23_21:48:49/img_337.png,-0.009307861328125,0.0714111328125,1,0,0
samples/2019-11-23_21:48:49/img_338.png,-0.009307861328125,0.0714111328125,1,0,0
samples/2019-11-23_21:48:49/img_339.png,-0.009307861328125,0.0714111328125,1,0,0
samples/2019-11-23_21:48:49/img_340.png,-0.009307861328125,0.0714111328125,1,0,0
samples/2019-11-23_21:48:49/img_341.png,-0.009307861328125,0.0714111328125,1,0,0
samples/2019-11-23_21:48:49/img_342.png,-0.009307861328125,0.0714111328125,1,0,0
samples/2019-11-23_21:48:49/img_343.png,-0.012420654296875,0.0714111328125,0,0,0
samples/2019-11-23_21:48:49/img_344.png,-0.012420654296875,0.0714111328125,0,0,0
samples/2019-11-23_21:48:49/img_345.png,-0.012420654296875,0.0714111328125,0,0,0
samples/2019-11-23_21:48:49/img_346.png,-0.012420654296875,0.0714111328125,0,0,0
samples/2019-11-23_21:48:49/img_347.png,-0.012420654296875,0.0714111328125,0,0,0
samples/2019-11-23_21:48:49/img_348.png,0.006195068359375,-0.04547119140625,0,0,0
samples/2019-11-23_21:48:49/img_349.png,0.006195068359375,-0.055206298828125,0,0,0
samples/2019-11-23_21:48:49/img_350.png,0.999969482421875,0.2239990234375,0,0,0
samples/2019-11-23_21:48:49/img_351.png,0.999969482421875,0.2239990234375,0,0,0
samples/2019-11-23_21:48:49/img_352.png,0.999969482421875,0.227264404296875,1,0,0
samples/2019-11-23_21:48:49/img_353.png,0.999969482421875,0.227264404296875,1,0,0
samples/2019-11-23_21:48:49/img_354.png,-0.015533447265625,0.06817626953125,1,0,0
samples/2019-11-23_21:48:49/img_355.png,-0.9161376953125,0.331146240234375,1,0,0
samples/2019-11-23_21:48:49/img_356.png,-0.1614990234375,0.142852783203125,1,0,0
samples/2019-11-23_21:48:49/img_357.png,-0.13043212890625,0.12335205078125,1,0,0
samples/2019-11-23_21:48:49/img_358.png,-0.9658203125,0.25323486328125,1,0,0
samples/2019-11-23_21:48:49/img_359.png,-0.512420654296875,0.30517578125,1,0,0
samples/2019-11-23_21:48:49/img_360.png,-0.133544921875,0.30517578125,1,0,0
samples/2019-11-23_21:48:49/img_361.png,-0.10247802734375,0.13958740234375,1,0,0
samples/2019-11-23_21:48:49/img_362.png,-0.099395751953125,0.0714111328125,0,0,0
samples/2019-11-23_21:48:49/img_363.png,-0.099395751953125,0.07464599609375,0,0,0
samples/2019-11-23_21:48:49/img_364.png,-0.1055908203125,-0.019500732421875,0,0,0
samples/2019-11-23_21:48:49/img_365.png,-0.10247802734375,-0.038970947265625,0,0,0
samples/2019-11-23_21:48:49/img_366.png,-0.118011474609375,0.022705078125,1,0,0
samples/2019-11-23_21:48:49/img_367.png,-0.118011474609375,0.022705078125,1,0,0
samples/2019-11-23_21:48:49/img_368.png,-0.118011474609375,0.022705078125,1,0,0
samples/2019-11-23_21:48:49/img_369.png,0.214263916015625,0.022705078125,1,0,0
samples/2019-11-23_21:48:49/img_370.png,0.1273193359375,0.022705078125,1,0,0
samples/2019-11-23_21:48:49/img_371.png,0.1273193359375,0.022705078125,1,0,0
samples/2019-11-23_21:48:49/img_372.png,0.118011474609375,0.022705078125,1,0,0
samples/2019-11-23_21:48:49/img_373.png,0.108673095703125,0.022705078125,1,0,0
samples/2019-11-23_21:48:49/img_374.png,0.999969482421875,0.05517578125,1,0,0
samples/2019-11-23_21:48:49/img_375.png,0.999969482421875,0.05517578125,1,0,0
samples/2019-11-23_21:48:49/img_376.png,0.999969482421875,0.07464599609375,1,0,0
samples/2019-11-23_21:48:49/img_377.png,0.999969482421875,0.07464599609375,1,0,0
samples/2019-11-23_21:48:49/img_378.png,0.999969482421875,0.07464599609375,1,0,0
samples/2019-11-23_21:48:49/img_379.png,0.999969482421875,0.07464599609375,1,0,0
samples/2019-11-23_21:48:49/img_380.png,0.999969482421875,0.07464599609375,1,0,0
samples/2019-11-23_21:48:49/img_381.png,0.118011474609375,0.0714111328125,1,0,0
samples/2019-11-23_21:48:49/img_382.png,-0.1614990234375,0.07464599609375,1,0,0
samples/2019-11-23_21:48:49/img_383.png,-0.220489501953125,0.0714111328125,1,0,0
samples/2019-11-23_21:48:49/img_384.png,-0.46893310546875,0.07464599609375,1,0,0
samples/2019-11-23_21:48:49/img_385.png,-0.149078369140625,0.08441162109375,1,0,0
samples/2019-11-23_21:48:49/img_386.png,0.164581298828125,0.0714111328125,1,0,0
samples/2019-11-23_21:48:49/img_387.png,0.164581298828125,0.0714111328125,1,0,0
samples/2019-11-23_21:48:49/img_388.png,0.7484130859375,0.064910888671875,0,0,0
samples/2019-11-23_21:48:49/img_389.png,0.999969482421875,0.06817626953125,1,0,0
samples/2019-11-23_21:48:49/img_390.png,0.121124267578125,-0.051971435546875,0,0,0
samples/2019-11-23_21:48:49/img_391.png,-0.096282958984375,-0.055206298828125,0,0,0
samples/2019-11-23_21:48:49/img_392.png,-0.145965576171875,-0.07794189453125,0,0,0
samples/2019-11-23_21:48:49/img_393.png,0.04656982421875,-0.068206787109375,0,0,0
samples/2019-11-23_21:48:49/img_394.png,0.999969482421875,0.12335205078125,0,0,0
samples/2019-11-23_21:48:49/img_395.png,0.999969482421875,0.1363525390625,0,0,0
samples/2019-11-23_21:48:49/img_396.png,0.999969482421875,0.146087646484375,0,0,0
samples/2019-11-23_21:48:49/img_397.png,0.999969482421875,0.146087646484375,0,0,0
samples/2019-11-23_21:48:49/img_398.png,0.64593505859375,0.06817626953125,0,0,0
samples/2019-11-23_21:48:49/img_399.png,0.57452392578125,-0.019500732421875,0,0,0
samples/2019-11-23_21:48:49/img_400.png,-0.16461181640625,-0.068206787109375,1,0,0
samples/2019-11-23_21:48:49/img_401.png,-0.661468505859375,-0.1298828125,1,0,0
samples/2019-11-23_21:48:49/img_402.png,-0.9720458984375,-0.16558837890625,1,0,0
samples/2019-11-23_21:48:49/img_403.png,-0.9720458984375,-0.155853271484375,1,0,0
samples/2019-11-23_21:48:49/img_404.png,-0.711181640625,-0.168853759765625,0,0,0
samples/2019-11-23_21:48:49/img_405.png,0.099365234375,-0.055206298828125,0,0,0
samples/2019-11-23_21:48:49/img_406.png,0.999969482421875,0.129852294921875,1,0,0
samples/2019-11-23_21:48:49/img_407.png,0.999969482421875,0.129852294921875,1,0,0
samples/2019-11-23_21:48:49/img_408.png,0.999969482421875,0.15582275390625,1,0,0
samples/2019-11-23_21:48:49/img_409.png,0.999969482421875,0.298675537109375,0,0,0
samples/2019-11-23_21:48:49/img_410.png,0.999969482421875,0.311676025390625,1,0,0
samples/2019-11-23_21:48:49/img_411.png,0.999969482421875,0.311676025390625,1,0,0
samples/2019-11-23_21:48:49/img_412.png,0.999969482421875,0.311676025390625,1,0,0
samples/2019-11-23_21:48:49/img_413.png,0.999969482421875,0.311676025390625,1,0,0
samples/2019-11-23_21:48:49/img_414.png,0.999969482421875,0.311676025390625,1,0,0
samples/2019-11-23_21:48:49/img_415.png,0.999969482421875,0.311676025390625,1,0,0
samples/2019-11-23_21:48:49/img_416.png,0.04656982421875,0.045440673828125,1,0,0
samples/2019-11-23_21:48:49/img_417.png,0.040374755859375,0.03570556640625,1,0,0
samples/2019-11-23_21:48:49/img_418.png,0.040374755859375,0.03570556640625,1,0,0
samples/2019-11-23_21:48:49/img_419.png,0.040374755859375,0.03570556640625,1,0,0
samples/2019-11-23_21:48:49/img_420.png,0.012420654296875,0.032440185546875,1,0,0
samples/2019-11-23_21:48:49/img_421.png,-0.05279541015625,0.032440185546875,0,0,0
samples/2019-11-23_21:48:49/img_422.png,-0.44097900390625,-0.071441650390625,1,0,0
samples/2019-11-23_21:48:49/img_423.png,-0.70184326171875,-0.12664794921875,1,0,0
samples/2019-11-23_21:48:49/img_424.png,-0.96893310546875,-0.204559326171875,1,0,0
samples/2019-11-23_21:48:49/img_425.png,-0.96893310546875,-0.204559326171875,1,0,0
samples/2019-11-23_21:48:49/img_426.png,-0.96893310546875,-0.204559326171875,1,0,0
samples/2019-11-23_21:48:49/img_427.png,-0.96893310546875,-0.204559326171875,1,0,0
samples/2019-11-23_21:48:49/img_428.png,-0.96893310546875,-0.204559326171875,1,0,0
samples/2019-11-23_21:48:49/img_429.png,-0.96893310546875,-0.204559326171875,1,0,0
samples/2019-11-23_21:48:49/img_430.png,-0.96893310546875,-0.204559326171875,1,0,0
samples/2019-11-23_21:48:49/img_431.png,-0.975128173828125,-0.188323974609375,1,0,0
samples/2019-11-23_21:48:49/img_432.png,-0.981353759765625,-0.13311767578125,1,0,0
samples/2019-11-23_21:48:49/img_433.png,-0.981353759765625,-0.13311767578125,1,0,0
samples/2019-11-23_21:48:49/img_434.png,0.164581298828125,-0.058441162109375,1,0,0
samples/2019-11-23_21:48:49/img_435.png,0.164581298828125,-0.058441162109375,1,0,0
samples/2019-11-23_21:48:49/img_436.png,0.981353759765625,0.07464599609375,1,0,0
samples/2019-11-23_21:48:49/img_437.png,-0.021728515625,0.07464599609375,1,0,0
samples/2019-11-23_21:48:49/img_438.png,-0.021728515625,0.07464599609375,1,0,0
samples/2019-11-23_21:48:49/img_439.png,-0.021728515625,0.07464599609375,1,0,0
samples/2019-11-23_21:48:49/img_440.png,-0.021728515625,0.07464599609375,1,0,0
samples/2019-11-23_21:48:49/img_441.png,-0.021728515625,0.07464599609375,1,0,0
samples/2019-11-23_21:48:49/img_442.png,-0.021728515625,0.07464599609375,1,0,0
samples/2019-11-23_21:48:49/img_443.png,-0.021728515625,0.07464599609375,1,0,0
samples/2019-11-23_21:48:49/img_444.png,-0.021728515625,0.07464599609375,1,0,0
samples/2019-11-23_21:48:49/img_445.png,-0.021728515625,0.07464599609375,1,0,0
samples/2019-11-23_21:48:49/img_446.png,-0.021728515625,0.07464599609375,1,0,0
samples/2019-11-23_21:48:49/img_447.png,-0.84161376953125,0.27593994140625,1,0,0
samples/2019-11-23_21:48:49/img_448.png,-0.13043212890625,0.081146240234375,1,0,0
samples/2019-11-23_21:48:49/img_449.png,-0.540374755859375,0.09088134765625,1,0,0
samples/2019-11-23_21:48:49/img_450.png,-0.975128173828125,0.152587890625,1,0,0
samples/2019-11-23_21:48:49/img_451.png,-0.975128173828125,0.18505859375,1,0,0
samples/2019-11-23_21:48:49/img_452.png,-0.145965576171875,0.0714111328125,1,0,0
samples/2019-11-23_21:48:49/img_453.png,-0.145965576171875,0.0714111328125,1,0,0
samples/2019-11-23_21:48:49/img_454.png,-0.981353759765625,0.113616943359375,1,0,0
samples/2019-11-23_21:48:49/img_455.png,-0.981353759765625,0.1038818359375,1,0,0
samples/2019-11-23_21:48:49/img_456.png,-0.91925048828125,0.1363525390625,1,0,0
samples/2019-11-23_21:48:49/img_457.png,-0.91925048828125,0.1363525390625,1,0,0
samples/2019-11-23_21:48:49/img_458.png,-0.944091796875,0.1363525390625,1,0,0
samples/2019-11-23_21:48:49/img_459.png,-0.91925048828125,0.1363525390625,1,0,0
samples/2019-11-23_21:48:49/img_460.png,-0.978240966796875,0.142852783203125,1,0,0
samples/2019-11-23_21:48:49/img_461.png,-0.978240966796875,0.142852783203125,1,0,0
samples/2019-11-23_21:48:49/img_462.png,-0.167694091796875,0.0714111328125,1,0,0
samples/2019-11-23_21:48:49/img_463.png,-0.925445556640625,0.06817626953125,1,0,0
samples/2019-11-23_21:48:49/img_464.png,-0.96270751953125,0.0714111328125,1,0,0
samples/2019-11-23_21:48:49/img_465.png,-0.15838623046875,0.0714111328125,1,0,0
samples/2019-11-23_21:48:49/img_466.png,-0.3167724609375,0.0714111328125,1,0,0
samples/2019-11-23_21:48:49/img_467.png,-0.167694091796875,0.0714111328125,1,0,0
samples/2019-11-23_21:48:49/img_468.png,-0.167694091796875,0.0714111328125,1,0,0
samples/2019-11-23_21:48:49/img_469.png,-0.167694091796875,0.0714111328125,1,0,0
samples/2019-11-23_21:48:49/img_470.png,-0.167694091796875,0.0714111328125,1,0,0
samples/2019-11-23_21:48:49/img_471.png,-0.167694091796875,0.0714111328125,1,0,0
samples/2019-11-23_21:48:49/img_472.png,-0.167694091796875,0.0714111328125,1,0,0
samples/2019-11-23_21:48:49/img_473.png,0.164581298828125,0.0714111328125,1,0,0
samples/2019-11-23_21:48:49/img_474.png,0.040374755859375,0.064910888671875,1,0,0
samples/2019-11-23_21:48:49/img_475.png,0.040374755859375,0.064910888671875,1,0,0
samples/2019-11-23_21:48:49/img_476.png,0.77947998046875,0.318145751953125,1,0,0
samples/2019-11-23_21:48:49/img_477.png,0.999969482421875,0.29217529296875,0,0,0
samples/2019-11-23_21:48:49/img_478.png,0.999969482421875,0.29217529296875,0,0,0
samples/2019-11-23_21:48:49/img_479.png,0.999969482421875,0.2889404296875,1,0,0
samples/2019-11-23_21:48:49/img_480.png,0.999969482421875,0.2889404296875,0,0,0
samples/2019-11-23_21:48:49/img_481.png,0.999969482421875,0.2889404296875,0,0,0
samples/2019-11-23_21:48:49/img_482.png,0.999969482421875,0.2889404296875,0,0,0
samples/2019-11-23_21:48:49/img_483.png,0.999969482421875,0.29217529296875,1,0,0
samples/2019-11-23_21:48:49/img_484.png,0.999969482421875,0.29217529296875,1,0,0
samples/2019-11-23_21:48:49/img_485.png,0.999969482421875,0.27593994140625,1,0,0
samples/2019-11-23_21:48:49/img_486.png,0.999969482421875,0.27593994140625,1,0,0
samples/2019-11-23_21:48:49/img_487.png,0.999969482421875,0.279205322265625,0,0,0
samples/2019-11-23_21:48:49/img_488.png,0.999969482421875,0.279205322265625,1,0,0
samples/2019-11-23_21:48:49/img_489.png,0.999969482421875,0.279205322265625,1,0,0
samples/2019-11-23_21:48:49/img_490.png,0.999969482421875,0.282440185546875,1,0,0
samples/2019-11-23_21:48:49/img_491.png,0.999969482421875,0.282440185546875,1,0,0
samples/2019-11-23_21:48:49/img_492.png,0.872650146484375,0.2012939453125,1,0,0
samples/2019-11-23_21:48:49/img_493.png,0.7484130859375,0.1363525390625,0,0,0
samples/2019-11-23_21:48:49/img_494.png,-0.984466552734375,-0.0260009765625,1,0,0
samples/2019-11-23_21:48:49/img_495.png,-0.984466552734375,-0.0260009765625,1,0,0
samples/2019-11-23_21:48:49/img_496.png,-0.5714111328125,-0.07794189453125,0,0,0
samples/2019-11-23_21:48:49/img_497.png,-0.124237060546875,-0.058441162109375,1,0,0
samples/2019-11-23_21:48:49/img_498.png,-0.0838623046875,-0.06170654296875,1,0,0
samples/2019-11-23_21:48:49/img_499.png,-0.08074951171875,-0.058441162109375,0,0,0
samples/2019-11-23_21:48:49/img_500.png,-0.08074951171875,-0.058441162109375,0,0,0
samples/2019-11-23_21:48:49/img_501.png,-0.08074951171875,-0.058441162109375,1,0,0
samples/2019-11-23_21:48:49/img_502.png,-0.08074951171875,-0.055206298828125,1,0,0
samples/2019-11-23_21:48:49/img_503.png,-0.0838623046875,-0.058441162109375,0,0,0
samples/2019-11-23_21:48:49/img_504.png,-0.217376708984375,-0.035736083984375,0,0,0
samples/2019-11-23_21:48:49/img_505.png,-0.832275390625,-0.042205810546875,0,0,0
samples/2019-11-23_21:48:49/img_506.png,-0.25775146484375,-0.120147705078125,0,0,0
samples/2019-11-23_21:48:49/img_507.png,-0.114898681640625,-0.068206787109375,0,0,0
samples/2019-11-23_21:48:49/img_508.png,-0.987548828125,-0.06170654296875,0,0,0
samples/2019-11-23_21:48:49/img_509.png,-0.984466552734375,-0.042205810546875,1,0,0
samples/2019-11-23_21:48:49/img_510.png,-0.987548828125,0.025970458984375,1,0,0
samples/2019-11-23_21:48:49/img_511.png,-0.984466552734375,0.032440185546875,0,0,0
samples/2019-11-23_21:48:49/img_512.png,-0.984466552734375,-0.0162353515625,1,0,0
samples/2019-11-23_21:48:49/img_513.png,-0.984466552734375,-0.058441162109375,1,0,0
samples/2019-11-23_21:48:49/img_514.png,0.950286865234375,-0.0260009765625,0,0,0
samples/2019-11-23_21:48:49/img_515.png,0.999969482421875,-0.01300048828125,0,0,0
samples/2019-11-23_21:48:49/img_516.png,0.999969482421875,0.0389404296875,1,0,0
samples/2019-11-23_21:48:49/img_517.png,0.1490478515625,-0.035736083984375,1,0,0
samples/2019-11-23_21:48:49/img_518.png,0.999969482421875,0.20452880859375,1,0,0
samples/2019-11-23_21:48:49/img_519.png,0.999969482421875,0.233734130859375,1,0,0
samples/2019-11-23_21:48:49/img_520.png,0.999969482421875,0.26947021484375,1,0,0
samples/2019-11-23_21:48:49/img_521.png,0.999969482421875,0.279205322265625,0,0,0
samples/2019-11-23_21:48:49/img_522.png,0.999969482421875,0.279205322265625,1,0,0
samples/2019-11-23_21:48:49/img_523.png,0.999969482421875,0.2889404296875,1,0,0
samples/2019-11-23_21:48:49/img_524.png,-0.043487548828125,0.077911376953125,1,0,0
samples/2019-11-23_21:48:49/img_525.png,-0.8944091796875,-0.051971435546875,1,0,0
samples/2019-11-23_21:48:49/img_526.png,-0.1273193359375,-0.019500732421875,1,0,0
samples/2019-11-23_21:48:49/img_527.png,-0.142852783203125,-0.0162353515625,1,0,0
samples/2019-11-23_21:48:49/img_528.png,-0.698760986328125,-0.068206787109375,1,0,0
samples/2019-11-23_21:48:49/img_529.png,-0.11181640625,-0.019500732421875,1,0,0
samples/2019-11-23_21:48:49/img_530.png,0.02484130859375,-0.009765625,1,0,0
samples/2019-11-23_21:48:49/img_531.png,0.02484130859375,-0.009765625,1,0,0
samples/2019-11-23_21:48:49/img_532.png,0.1273193359375,-0.01300048828125,1,0,0
samples/2019-11-23_21:48:49/img_533.png,0.1273193359375,-0.01300048828125,1,0,0
samples/2019-11-23_21:48:49/img_534.png,0.1273193359375,-0.01300048828125,1,0,0
samples/2019-11-23_21:48:49/img_535.png,0.1273193359375,-0.01300048828125,1,0,0
samples/2019-11-23_21:48:49/img_536.png,0.1273193359375,-0.01300048828125,1,0,0
samples/2019-11-23_21:48:49/img_537.png,0.1273193359375,-0.01300048828125,1,0,0
samples/2019-11-23_21:48:49/img_538.png,0.13043212890625,-0.01300048828125,0,0,0
samples/2019-11-23_21:48:49/img_539.png,0.13043212890625,-0.01300048828125,0,0,0
samples/2019-11-23_21:48:49/img_540.png,0.999969482421875,-0.009765625,0,0,0
samples/2019-11-23_21:48:49/img_541.png,0.87884521484375,-0.009765625,1,0,0
samples/2019-11-23_21:48:49/img_542.png,0.142852783203125,-0.009765625,1,0,0
samples/2019-11-23_21:48:49/img_543.png,0.086944580078125,-0.009765625,0,0,0
samples/2019-11-23_21:48:49/img_544.png,0.537261962890625,-0.006500244140625,1,0,0
samples/2019-11-23_21:48:49/img_545.png,0.999969482421875,0.029205322265625,0,0,0
samples/2019-11-23_21:48:49/img_546.png,0.999969482421875,0.03570556640625,0,0,0
samples/2019-11-23_21:48:49/img_547.png,0.999969482421875,0.0389404296875,1,0,0
samples/2019-11-23_21:48:49/img_548.png,0.999969482421875,0.045440673828125,1,0,0
samples/2019-11-23_21:48:49/img_549.png,0.999969482421875,0.05517578125,1,0,0
samples/2019-11-23_21:48:49/img_550.png,0.999969482421875,0.05194091796875,0,0,0
samples/2019-11-23_21:48:49/img_551.png,0.9378662109375,0.042205810546875,0,0,0
samples/2019-11-23_21:48:49/img_552.png,-0.00311279296875,-0.074676513671875,0,0,0
samples/2019-11-23_21:48:49/img_553.png,0.04656982421875,-0.074676513671875,1,0,0
samples/2019-11-23_21:48:49/img_554.png,0.999969482421875,-0.022735595703125,0,0,0
samples/2019-11-23_21:48:49/img_555.png,0.999969482421875,-0.01300048828125,1,0,0
samples/2019-11-23_21:48:49/img_556.png,0.999969482421875,-0.003265380859375,1,0,0
samples/2019-11-23_21:48:49/img_557.png,0.999969482421875,0.0,0,0,0
samples/2019-11-23_21:48:49/img_558.png,0.999969482421875,-0.003265380859375,1,0,0
samples/2019-11-23_21:48:49/img_559.png,0.999969482421875,0.0064697265625,1,0,0
samples/2019-11-23_21:48:49/img_560.png,0.13043212890625,-0.051971435546875,1,0,0
samples/2019-11-23_21:48:49/img_561.png,0.07763671875,-0.051971435546875,1,0,0
samples/2019-11-23_21:48:49/img_562.png,0.05279541015625,-0.051971435546875,1,0,0
samples/2019-11-23_21:48:49/img_563.png,0.015533447265625,-0.051971435546875,1,0,0
samples/2019-11-23_21:48:49/img_564.png,0.86334228515625,0.0,0,0,0
samples/2019-11-23_21:48:49/img_565.png,0.999969482421875,0.06817626953125,1,0,0
samples/2019-11-23_21:48:49/img_566.png,0.8602294921875,0.06817626953125,1,0,0
samples/2019-11-23_21:48:49/img_567.png,0.85711669921875,0.061676025390625,0,0,0
samples/2019-11-23_21:48:49/img_568.png,0.999969482421875,0.081146240234375,0,0,0
samples/2019-11-23_21:48:49/img_569.png,0.788787841796875,0.07464599609375,0,0,0
samples/2019-11-23_21:48:49/img_570.png,-0.57452392578125,-0.0811767578125,0,0,0
samples/2019-11-23_21:48:49/img_571.png,-0.10870361328125,-0.06494140625,1,0,0
samples/2019-11-23_21:48:49/img_572.png,0.999969482421875,0.181793212890625,1,0,0
samples/2019-11-23_21:48:49/img_573.png,0.999969482421875,0.1915283203125,1,0,0
samples/2019-11-23_21:48:49/img_574.png,0.999969482421875,0.2564697265625,1,0,0
samples/2019-11-23_21:48:49/img_575.png,0.999969482421875,0.2564697265625,1,0,0
samples/2019-11-23_21:48:49/img_576.png,0.999969482421875,0.2564697265625,1,0,0
samples/2019-11-23_21:48:49/img_577.png,0.999969482421875,0.2564697265625,1,0,0
samples/2019-11-23_21:48:49/img_578.png,0.999969482421875,0.2564697265625,0,0,0
samples/2019-11-23_21:48:49/img_579.png,0.999969482421875,0.2564697265625,1,0,0
samples/2019-11-23_21:48:49/img_580.png,0.484466552734375,0.06817626953125,1,0,0
samples/2019-11-23_21:48:49/img_581.png,0.04656982421875,0.025970458984375,0,0,0
samples/2019-11-23_21:48:49/img_582.png,-0.226715087890625,0.01947021484375,0,0,0
samples/2019-11-23_21:48:49/img_583.png,-0.375762939453125,0.00323486328125,0,0,0
samples/2019-11-23_21:48:49/img_584.png,-0.984466552734375,-0.051971435546875,1,0,0
samples/2019-11-23_21:48:49/img_585.png,-0.987548828125,0.064910888671875,0,0,0
samples/2019-11-23_21:48:49/img_586.png,-0.987548828125,0.181793212890625,0,0,0
samples/2019-11-23_21:48:49/img_587.png,-0.987548828125,0.181793212890625,0,0,0
samples/2019-11-23_21:48:49/img_588.png,-0.987548828125,0.1915283203125,0,0,0
samples/2019-11-23_21:48:49/img_589.png,-0.984466552734375,0.194793701171875,1,0,0
samples/2019-11-23_21:48:49/img_590.png,-0.984466552734375,0.194793701171875,1,0,0
samples/2019-11-23_21:48:49/img_591.png,-0.984466552734375,0.194793701171875,1,0,0
samples/2019-11-23_21:48:49/img_592.png,-0.984466552734375,0.194793701171875,0,0,0
samples/2019-11-23_21:48:49/img_593.png,-0.984466552734375,0.194793701171875,1,0,0
samples/2019-11-23_21:48:49/img_594.png,-0.099395751953125,-0.123382568359375,1,0,0
samples/2019-11-23_21:48:49/img_595.png,0.037261962890625,-0.123382568359375,1,0,0
samples/2019-11-23_21:48:49/img_596.png,0.02484130859375,-0.038970947265625,1,0,0
samples/2019-11-23_21:48:49/img_597.png,-0.81365966796875,0.064910888671875,1,0,0
samples/2019-11-23_21:48:49/img_598.png,-0.981353759765625,0.126617431640625,1,0,0
samples/2019-11-23_21:48:49/img_599.png,-0.981353759765625,0.126617431640625,1,0,0
samples/2019-11-23_21:48:49/img_600.png,-0.114898681640625,-0.035736083984375,1,0,0
samples/2019-11-23_21:48:49/img_601.png,-0.695648193359375,-0.038970947265625,1,0,0
samples/2019-11-23_21:48:49/img_602.png,-0.984466552734375,-0.032470703125,1,0,0
samples/2019-11-23_21:48:49/img_603.png,-0.984466552734375,-0.032470703125,1,0,0
samples/2019-11-23_21:48:49/img_604.png,-0.403717041015625,-0.04547119140625,1,0,0
samples/2019-11-23_21:48:49/img_605.png,-0.0279541015625,-0.0487060546875,1,0,0
samples/2019-11-23_21:48:49/img_606.png,0.999969482421875,-0.0487060546875,1,0,0
samples/2019-11-23_21:48:49/img_607.png,0.999969482421875,-0.051971435546875,1,0,0
samples/2019-11-23_21:48:49/img_608.png,-0.124237060546875,-0.035736083984375,1,0,0
samples/2019-11-23_21:48:49/img_609.png,-0.689422607421875,-0.022735595703125,1,0,0
samples/2019-11-23_21:48:49/img_610.png,-0.142852783203125,-0.0162353515625,1,0,0
samples/2019-11-23_21:48:49/img_611.png,-0.142852783203125,-0.0162353515625,1,0,0
samples/2019-11-23_21:48:49/img_612.png,-0.142852783203125,-0.0162353515625,1,0,0
samples/2019-11-23_21:48:49/img_613.png,-0.142852783203125,-0.0162353515625,1,0,0
samples/2019-11-23_21:48:49/img_614.png,-0.142852783203125,-0.0162353515625,1,0,0
samples/2019-11-23_21:48:49/img_615.png,-0.142852783203125,-0.0162353515625,1,0,0
samples/2019-11-23_21:48:49/img_616.png,-0.142852783203125,-0.0162353515625,1,0,0
samples/2019-11-23_21:48:49/img_617.png,-0.142852783203125,-0.0162353515625,1,0,0
samples/2019-11-23_21:48:49/img_618.png,-0.142852783203125,-0.0162353515625,1,0,0
samples/2019-11-23_21:48:49/img_619.png,-0.142852783203125,-0.0162353515625,1,0,0
samples/2019-11-23_21:48:49/img_620.png,-0.142852783203125,-0.0162353515625,1,0,0
samples/2019-11-23_21:48:49/img_621.png,-0.142852783203125,-0.0162353515625,1,0,0
samples/2019-11-23_21:48:49/img_622.png,-0.142852783203125,-0.0162353515625,1,0,0
samples/2019-11-23_21:48:49/img_623.png,-0.142852783203125,-0.0162353515625,1,0,0
samples/2019-11-23_21:48:49/img_624.png,0.034149169921875,0.01947021484375,1,0,0
samples/2019-11-23_21:48:49/img_625.png,0.00311279296875,0.0714111328125,1,0,0
samples/2019-11-23_21:48:49/img_626.png,-0.03106689453125,0.058441162109375,1,0,0
samples/2019-11-23_21:48:49/img_627.png,-0.03106689453125,0.058441162109375,1,0,0
samples/2019-11-23_21:48:49/img_628.png,-0.03106689453125,0.058441162109375,1,0,0
samples/2019-11-23_21:48:49/img_629.png,-0.03106689453125,0.058441162109375,1,0,0
samples/2019-11-23_21:48:49/img_630.png,-0.03106689453125,0.058441162109375,1,0,0
samples/2019-11-23_21:48:49/img_631.png,-0.03106689453125,0.058441162109375,1,0,0
samples/2019-11-23_21:48:49/img_632.png,-0.0279541015625,0.058441162109375,0,0,0
samples/2019-11-23_21:48:49/img_633.png,-0.02484130859375,0.05517578125,1,0,0
samples/2019-11-23_21:48:49/img_634.png,-0.02484130859375,0.05517578125,1,0,0
samples/2019-11-23_21:48:49/img_635.png,-0.02484130859375,0.05517578125,1,0,0
samples/2019-11-23_21:48:49/img_636.png,0.329193115234375,0.058441162109375,0,0,0
samples/2019-11-23_21:48:49/img_637.png,0.999969482421875,0.1038818359375,0,0,0
samples/2019-11-23_21:48:49/img_638.png,0.139739990234375,0.077911376953125,1,0,0
samples/2019-11-23_21:48:49/img_639.png,0.167694091796875,0.07464599609375,1,0,0
samples/2019-11-23_21:48:49/img_640.png,0.999969482421875,0.207763671875,0,0,0
samples/2019-11-23_21:48:49/img_641.png,0.999969482421875,0.207763671875,0,0,0
samples/2019-11-23_21:48:49/img_642.png,0.999969482421875,0.217498779296875,0,0,0
samples/2019-11-23_21:48:49/img_643.png,0.999969482421875,0.217498779296875,1,0,0
samples/2019-11-23_21:48:49/img_644.png,0.9161376953125,0.2239990234375,0,0,0
samples/2019-11-23_21:48:49/img_645.png,0.791900634765625,0.22076416015625,1,0,0
samples/2019-11-23_21:48:49/img_646.png,0.999969482421875,0.26947021484375,1,0,0
samples/2019-11-23_21:48:49/img_647.png,0.999969482421875,0.27593994140625,1,0,0
samples/2019-11-23_21:48:49/img_648.png,0.118011474609375,0.08441162109375,0,0,0
samples/2019-11-23_21:48:49/img_649.png,0.118011474609375,0.08441162109375,0,0,0
samples/2019-11-23_21:48:49/img_650.png,0.999969482421875,0.2239990234375,1,0,0
samples/2019-11-23_21:48:49/img_651.png,0.999969482421875,0.266204833984375,1,0,0
samples/2019-11-23_21:48:49/img_652.png,0.040374755859375,0.081146240234375,1,0,0
samples/2019-11-23_21:48:49/img_653.png,0.49066162109375,0.08441162109375,1,0,0
samples/2019-11-23_21:48:49/img_654.png,0.111785888671875,0.09088134765625,0,0,0
samples/2019-11-23_21:48:49/img_655.png,0.28570556640625,0.08441162109375,1,0,0
samples/2019-11-23_21:48:49/img_656.png,0.1273193359375,0.110382080078125,1,0,0
samples/2019-11-23_21:48:49/img_657.png,0.1273193359375,0.110382080078125,1,0,0
samples/2019-11-23_21:48:49/img_658.png,0.999969482421875,0.331146240234375,0,0,0
samples/2019-11-23_21:48:49/img_659.png,0.754638671875,0.337646484375,0,0,0
samples/2019-11-23_21:48:49/img_660.png,0.043487548828125,0.10711669921875,1,0,0
samples/2019-11-23_21:48:49/img_661.png,-0.170806884765625,0.097381591796875,1,0,0
samples/2019-11-23_21:48:49/img_662.png,-0.21429443359375,0.07464599609375,1,0,0
samples/2019-11-23_21:48:49/img_663.png,-0.21429443359375,0.07464599609375,1,0,0
samples/2019-11-23_21:48:49/img_664.png,-0.133544921875,0.07464599609375,1,0,0
samples/2019-11-23_21:48:49/img_665.png,-0.133544921875,0.07464599609375,1,0,0
samples/2019-11-23_21:48:49/img_666.png,-0.133544921875,0.07464599609375,1,0,0
samples/2019-11-23_21:48:49/img_667.png,-0.487579345703125,0.077911376953125,1,0,0
samples/2019-11-23_21:48:49/img_668.png,-0.1614990234375,0.0714111328125,1,0,0
samples/2019-11-23_21:48:49/img_669.png,-0.15216064453125,0.06817626953125,1,0,0
samples/2019-11-23_21:48:49/img_670.png,0.006195068359375,0.06817626953125,1,0,0
samples/2019-11-23_21:48:49/img_671.png,0.031036376953125,0.06817626953125,1,0,0
samples/2019-11-23_21:48:49/img_672.png,0.1832275390625,0.06817626953125,1,0,0
samples/2019-11-23_21:48:49/img_673.png,0.947174072265625,0.214263916015625,1,0,0
samples/2019-11-23_21:48:49/img_674.png,0.043487548828125,0.126617431640625,1,0,0
samples/2019-11-23_21:48:49/img_675.png,0.012420654296875,0.12335205078125,1,0,0
samples/2019-11-23_21:48:49/img_676.png,-0.03106689453125,0.094146728515625,1,0,0
samples/2019-11-23_21:48:49/img_677.png,-0.03106689453125,0.094146728515625,1,0,0
samples/2019-11-23_21:48:49/img_678.png,0.108673095703125,0.061676025390625,0,0,0
samples/2019-11-23_21:48:49/img_679.png,0.1273193359375,0.064910888671875,1,0,0
samples/2019-11-23_21:48:49/img_680.png,0.142852783203125,-0.0260009765625,1,0,0
samples/2019-11-23_21:48:49/img_681.png,0.034149169921875,-0.022735595703125,0,0,0
samples/2019-11-23_21:48:49/img_682.png,0.142852783203125,-0.019500732421875,1,0,0
samples/2019-11-23_21:48:49/img_683.png,0.999969482421875,0.217498779296875,1,0,0
samples/2019-11-23_21:48:49/img_684.png,0.999969482421875,0.227264404296875,1,0,0
samples/2019-11-23_21:48:49/img_685.png,0.999969482421875,0.23699951171875,1,0,0
samples/2019-11-23_21:48:49/img_686.png,0.999969482421875,0.2564697265625,1,0,0
samples/2019-11-23_21:48:49/img_687.png,0.999969482421875,0.2564697265625,1,0,0
samples/2019-11-23_21:48:49/img_688.png,0.17388916015625,0.133087158203125,1,0,0
samples/2019-11-23_21:48:49/img_689.png,0.64593505859375,0.1363525390625,1,0,0
samples/2019-11-23_21:48:49/img_690.png,0.999969482421875,0.28570556640625,1,0,0
samples/2019-11-23_21:48:49/img_691.png,0.999969482421875,0.28570556640625,1,0,0
samples/2019-11-23_21:48:49/img_692.png,0.322967529296875,0.18505859375,1,0,0
samples/2019-11-23_21:48:49/img_693.png,0.0496826171875,0.09088134765625,1,0,0
samples/2019-11-23_21:48:49/img_694.png,-0.8944091796875,-0.08441162109375,1,0,0
samples/2019-11-23_21:48:49/img_695.png,-0.714263916015625,-0.074676513671875,1,0,0
samples/2019-11-23_21:48:49/img_696.png,-0.1614990234375,0.05517578125,1,0,0
samples/2019-11-23_21:48:49/img_697.png,-0.645965576171875,-0.0811767578125,1,0,0
samples/2019-11-23_21:48:49/img_698.png,-0.375762939453125,-0.0260009765625,1,0,0
samples/2019-11-23_21:48:49/img_699.png,-0.012420654296875,0.012969970703125,1,0,0
samples/2019-11-23_21:48:49/img_700.png,0.981353759765625,0.266204833984375,1,0,0
samples/2019-11-23_21:48:49/img_701.png,0.114898681640625,0.10064697265625,1,0,0
samples/2019-11-23_21:48:49/img_702.png,0.040374755859375,0.048675537109375,0,0,0
samples/2019-11-23_21:48:49/img_703.png,0.040374755859375,0.048675537109375,0,0,0
samples/2019-11-23_21:48:49/img_704.png,0.999969482421875,0.1363525390625,0,0,0
samples/2019-11-23_21:48:49/img_705.png,0.999969482421875,0.1363525390625,1,0,0
samples/2019-11-23_21:48:49/img_706.png,0.1055908203125,-0.0260009765625,1,0,0
samples/2019-11-23_21:48:49/img_707.png,0.170806884765625,-0.02923583984375,0,0,0
samples/2019-11-23_21:48:49/img_708.png,0.999969482421875,0.077911376953125,1,0,0
samples/2019-11-23_21:48:49/img_709.png,0.999969482421875,0.077911376953125,1,0,0
samples/2019-11-23_21:48:49/img_710.png,0.999969482421875,0.081146240234375,1,0,0
samples/2019-11-23_21:48:49/img_711.png,0.999969482421875,0.08441162109375,0,0,0
samples/2019-11-23_21:48:49/img_712.png,0.999969482421875,0.08441162109375,1,0,0
samples/2019-11-23_21:48:49/img_713.png,0.999969482421875,0.081146240234375,0,0,0
samples/2019-11-23_21:48:49/img_714.png,0.869537353515625,0.081146240234375,0,0,0
samples/2019-11-23_21:48:49/img_715.png,0.999969482421875,0.081146240234375,1,0,0
samples/2019-11-23_21:48:49/img_716.png,0.54345703125,0.0064697265625,0,0,0
samples/2019-11-23_21:48:49/img_717.png,0.121124267578125,-0.022735595703125,1,0,0
samples/2019-11-23_21:48:49/img_718.png,0.999969482421875,0.07464599609375,1,0,0
samples/2019-11-23_21:48:49/img_719.png,0.7266845703125,0.07464599609375,0,0,0
samples/2019-11-23_21:48:49/img_720.png,0.111785888671875,0.032440185546875,0,0,0
samples/2019-11-23_21:48:49/img_721.png,0.288818359375,0.03570556640625,1,0,0
samples/2019-11-23_21:48:49/img_722.png,0.583831787109375,0.048675537109375,1,0,0
samples/2019-11-23_21:48:49/img_723.png,0.30743408203125,0.045440673828125,1,0,0
samples/2019-11-23_21:48:49/img_724.png,0.46893310546875,0.05517578125,1,0,0
samples/2019-11-23_21:48:49/img_725.png,0.872650146484375,0.162322998046875,1,0,0
samples/2019-11-23_21:48:49/img_726.png,0.043487548828125,0.064910888671875,1,0,0
samples/2019-11-23_21:48:49/img_727.png,-0.055908203125,0.061676025390625,1,0,0
samples/2019-11-23_21:48:49/img_728.png,-0.89129638671875,-0.0162353515625,1,0,0
samples/2019-11-23_21:48:49/img_729.png,-0.987548828125,-0.02923583984375,1,0,0
samples/2019-11-23_21:48:49/img_730.png,-0.984466552734375,-0.009765625,1,0,0
samples/2019-11-23_21:48:49/img_731.png,-0.984466552734375,-0.006500244140625,0,0,0
samples/2019-11-23_21:48:49/img_732.png,-0.987548828125,0.022705078125,0,0,0
samples/2019-11-23_21:48:49/img_733.png,-0.987548828125,0.022705078125,0,0,0
samples/2019-11-23_21:48:49/img_734.png,-0.987548828125,0.032440185546875,0,0,0
samples/2019-11-23_21:48:49/img_735.png,-0.987548828125,0.032440185546875,0,0,0
samples/2019-11-23_21:48:49/img_736.png,-0.984466552734375,0.03570556640625,1,0,0
samples/2019-11-23_21:48:49/img_737.png,-0.984466552734375,0.03570556640625,1,0,0
samples/2019-11-23_21:48:49/img_738.png,-0.984466552734375,0.03570556640625,1,0,0
samples/2019-11-23_21:48:49/img_739.png,-0.984466552734375,0.03570556640625,1,0,0
samples/2019-11-23_21:48:49/img_740.png,0.006195068359375,-0.13311767578125,1,0,0
samples/2019-11-23_21:48:49/img_741.png,0.88818359375,-0.035736083984375,1,0,0
samples/2019-11-23_21:48:49/img_742.png,0.54345703125,-0.01300048828125,1,0,0
samples/2019-11-23_21:48:49/img_743.png,0.040374755859375,-0.019500732421875,1,0,0
samples/2019-11-23_21:48:49/img_744.png,0.999969482421875,0.25323486328125,1,0,0
samples/2019-11-23_21:48:49/img_745.png,0.999969482421875,0.25323486328125,1,0,0
samples/2019-11-23_21:48:49/img_746.png,-0.046600341796875,0.10711669921875,1,0,0
samples/2019-11-23_21:48:49/img_747.png,-0.046600341796875,0.10711669921875,1,0,0
samples/2019-11-23_21:48:49/img_748.png,-0.046600341796875,0.064910888671875,1,0,0
samples/2019-11-23_21:48:49/img_749.png,-0.046600341796875,0.064910888671875,1,0,0
samples/2019-11-23_21:48:49/img_750.png,0.999969482421875,-0.0260009765625,1,0,0
samples/2019-11-23_21:48:49/img_751.png,0.13043212890625,-0.022735595703125,1,0,0
samples/2019-11-23_21:48:49/img_752.png,0.754638671875,0.165557861328125,1,0,0
samples/2019-11-23_21:48:49/img_753.png,-0.009307861328125,0.077911376953125,1,0,0
samples/2019-11-23_21:48:49/img_754.png,0.1055908203125,0.064910888671875,1,0,0
samples/2019-11-23_21:48:49/img_755.png,0.055908203125,0.064910888671875,1,0,0
samples/2019-11-23_21:48:49/img_756.png,0.062103271484375,0.05517578125,1,0,0
samples/2019-11-23_21:48:49/img_757.png,0.062103271484375,0.05517578125,1,0,0
samples/2019-11-23_21:48:49/img_758.png,-0.987548828125,0.05517578125,1,0,0
samples/2019-11-23_21:48:49/img_759.png,-0.987548828125,0.146087646484375,1,0,0
samples/2019-11-23_21:48:49/img_760.png,-0.9720458984375,0.181793212890625,1,0,0
samples/2019-11-23_21:48:49/img_761.png,-0.9720458984375,0.198028564453125,1,0,0
samples/2019-11-23_21:48:49/img_762.png,-0.065216064453125,0.1201171875,1,0,0
samples/2019-11-23_21:48:49/img_763.png,-0.065216064453125,0.1201171875,1,0,0
samples/2019-11-23_21:48:49/img_764.png,0.065216064453125,0.061676025390625,1,0,0
samples/2019-11-23_21:48:49/img_765.png,0.040374755859375,0.064910888671875,1,0,0
samples/2019-11-23_21:48:49/img_766.png,-0.611785888671875,0.13958740234375,1,0,0
samples/2019-11-23_21:48:49/img_767.png,-0.987548828125,0.13958740234375,1,0,0
samples/2019-11-23_21:48:49/img_768.png,-0.987548828125,0.13958740234375,1,0,0
samples/2019-11-23_21:48:49/img_769.png,-0.987548828125,0.13958740234375,1,0,0
samples/2019-11-23_21:48:49/img_770.png,-0.375762939453125,0.126617431640625,1,0,0
samples/2019-11-23_21:48:49/img_771.png,-0.096282958984375,0.113616943359375,1,0,0
samples/2019-11-23_21:48:49/img_772.png,-0.3385009765625,0.01947021484375,1,0,0
samples/2019-11-23_21:48:49/img_773.png,-0.326080322265625,0.01947021484375,1,0,0
samples/2019-11-23_21:48:49/img_774.png,-0.822967529296875,-0.068206787109375,1,0,0
samples/2019-11-23_21:48:49/img_775.png,-0.819854736328125,-0.087677001953125,1,0,0
samples/2019-11-23_21:48:49/img_776.png,-0.13665771484375,-0.0487060546875,1,0,0
samples/2019-11-23_21:48:49/img_777.png,-0.10247802734375,-0.0487060546875,1,0,0
samples/2019-11-23_21:48:49/img_778.png,0.133544921875,-0.0487060546875,1,0,0
samples/2019-11-23_21:48:49/img_779.png,0.01861572265625,-0.038970947265625,1,0,0
samples/2019-11-23_21:48:49/img_780.png,0.01861572265625,-0.038970947265625,1,0,0
samples/2019-11-23_21:48:49/img_781.png,0.01861572265625,-0.038970947265625,1,0,0
samples/2019-11-23_21:48:49/img_782.png,0.108673095703125,-0.04547119140625,1,0,0
samples/2019-11-23_21:48:49/img_783.png,0.717376708984375,-0.0487060546875,1,0,0
samples/2019-11-23_21:48:49/img_784.png,0.692535400390625,-0.120147705078125,1,0,0
samples/2019-11-23_21:48:49/img_785.png,0.999969482421875,-0.1136474609375,1,0,0
samples/2019-11-23_21:48:49/img_786.png,0.714263916015625,-0.107147216796875,1,0,0
samples/2019-11-23_21:48:49/img_787.png,0.999969482421875,-0.11041259765625,0,0,0
samples/2019-11-23_21:48:49/img_788.png,0.999969482421875,-0.06170654296875,1,0,0
samples/2019-11-23_21:48:49/img_789.png,0.999969482421875,-0.055206298828125,0,0,0
samples/2019-11-23_21:48:49/img_790.png,0.999969482421875,0.133087158203125,1,0,0
samples/2019-11-23_21:48:49/img_791.png,0.999969482421875,0.142852783203125,1,0,0
samples/2019-11-23_21:48:49/img_792.png,0.999969482421875,0.142852783203125,1,0,0
samples/2019-11-23_21:48:49/img_793.png,0.999969482421875,0.142852783203125,1,0,0
samples/2019-11-23_21:48:49/img_794.png,0.999969482421875,0.13958740234375,1,0,0
samples/2019-11-23_21:48:49/img_795.png,0.999969482421875,0.13958740234375,0,0,0
samples/2019-11-23_21:48:49/img_796.png,0.999969482421875,0.13958740234375,0,0,0
samples/2019-11-23_21:48:49/img_797.png,0.999969482421875,0.13958740234375,1,0,0
samples/2019-11-23_21:48:49/img_798.png,0.999969482421875,0.1363525390625,0,0,0
samples/2019-11-23_21:48:49/img_799.png,0.999969482421875,0.13958740234375,1,0,0
samples/2019-11-23_21:48:49/img_800.png,0.999969482421875,0.1363525390625,0,0,0
samples/2019-11-23_21:48:49/img_801.png,0.742218017578125,-0.035736083984375,1,0,0
samples/2019-11-23_21:48:49/img_802.png,-0.23602294921875,-0.31817626953125,1,0,0
samples/2019-11-23_21:48:49/img_803.png,0.177001953125,-0.31494140625,0,0,0
samples/2019-11-23_21:48:49/img_804.png,0.999969482421875,-0.275970458984375,1,0,0
samples/2019-11-23_21:48:49/img_805.png,0.86334228515625,-0.347412109375,1,0,0
samples/2019-11-23_21:48:49/img_806.png,-0.05279541015625,0.064910888671875,1,0,0
samples/2019-11-23_21:48:49/img_807.png,-0.0838623046875,0.064910888671875,1,0,0
samples/2019-11-23_21:48:49/img_808.png,0.040374755859375,0.064910888671875,1,0,0
samples/2019-11-23_21:48:49/img_809.png,0.040374755859375,0.064910888671875,1,0,0
samples/2019-11-23_21:48:49/img_810.png,0.040374755859375,0.064910888671875,1,0,0
samples/2019-11-23_21:48:49/img_811.png,0.040374755859375,0.064910888671875,1,0,0
samples/2019-11-23_21:48:49/img_812.png,-0.987548828125,0.029205322265625,1,0,0
samples/2019-11-23_21:48:49/img_813.png,-0.987548828125,0.029205322265625,1,0,0
samples/2019-11-23_21:48:49/img_814.png,-0.16461181640625,0.022705078125,1,0,0
samples/2019-11-23_21:48:49/img_815.png,-0.1552734375,0.025970458984375,1,0,0
samples/2019-11-23_21:48:49/img_816.png,-0.984466552734375,0.012969970703125,1,0,0
samples/2019-11-23_21:48:49/img_817.png,-0.984466552734375,0.012969970703125,1,0,0
samples/2019-11-23_21:48:49/img_818.png,-0.984466552734375,0.012969970703125,1,0,0
samples/2019-11-23_21:48:49/img_819.png,-0.984466552734375,0.012969970703125,1,0,0
samples/2019-11-23_21:48:49/img_820.png,-0.984466552734375,0.012969970703125,1,0,0
samples/2019-11-23_21:48:49/img_821.png,-0.593170166015625,-0.01300048828125,1,0,0
samples/2019-11-23_21:48:49/img_822.png,-0.0838623046875,0.00323486328125,1,0,0
samples/2019-11-23_21:48:49/img_823.png,-0.07452392578125,0.00323486328125,1,0,0
samples/2019-11-23_21:48:49/img_824.png,-0.046600341796875,0.05517578125,1,0,0
samples/2019-11-23_21:48:49/img_825.png,0.177001953125,0.05194091796875,1,0,0
samples/2019-11-23_21:48:49/img_826.png,0.900604248046875,0.05194091796875,1,0,0
samples/2019-11-23_21:48:49/img_827.png,0.760833740234375,0.045440673828125,1,0,0
samples/2019-11-23_21:48:49/img_828.png,0.999969482421875,0.048675537109375,1,0,0
samples/2019-11-23_21:48:49/img_829.png,0.999969482421875,0.048675537109375,1,0,0
samples/2019-11-23_21:48:49/img_830.png,0.043487548828125,-0.022735595703125,1,0,0
samples/2019-11-23_21:48:49/img_831.png,-0.192535400390625,-0.022735595703125,1,0,0
samples/2019-11-23_21:48:49/img_832.png,-0.3167724609375,-0.051971435546875,1,0,0
samples/2019-11-23_21:48:49/img_833.png,-0.15216064453125,-0.0487060546875,1,0,0
samples/2019-11-23_21:48:49/img_834.png,-0.10870361328125,-0.051971435546875,1,0,0
samples/2019-11-23_21:48:49/img_835.png,-0.10870361328125,-0.051971435546875,1,0,0
samples/2019-11-23_21:48:49/img_836.png,-0.10870361328125,-0.051971435546875,1,0,0
samples/2019-11-23_21:48:49/img_837.png,-0.10870361328125,-0.051971435546875,1,0,0
samples/2019-11-23_21:48:49/img_838.png,-0.1273193359375,-0.0487060546875,1,0,0
samples/2019-11-23_21:48:49/img_839.png,-0.608673095703125,-0.051971435546875,1,0,0
samples/2019-11-23_21:48:49/img_840.png,-0.121124267578125,-0.0487060546875,1,0,0
samples/2019-11-23_21:48:49/img_841.png,-0.11181640625,-0.0487060546875,1,0,0
samples/2019-11-23_21:48:49/img_842.png,-0.05279541015625,-0.051971435546875,1,0,0
samples/2019-11-23_21:48:49/img_843.png,-0.05279541015625,-0.051971435546875,1,0,0
samples/2019-11-23_21:48:49/img_844.png,-0.05279541015625,-0.051971435546875,1,0,0
samples/2019-11-23_21:48:49/img_845.png,-0.05279541015625,-0.051971435546875,1,0,0
samples/2019-11-23_21:48:49/img_846.png,-0.05279541015625,-0.051971435546875,1,0,0
samples/2019-11-23_21:48:49/img_847.png,-0.05279541015625,-0.051971435546875,1,0,0
samples/2019-11-23_21:48:49/img_848.png,-0.05279541015625,-0.051971435546875,1,0,0
samples/2019-11-23_21:48:49/img_849.png,0.00311279296875,-0.051971435546875,1,0,0
samples/2019-11-23_21:48:49/img_850.png,0.189422607421875,-0.02923583984375,0,0,0
samples/2019-11-23_21:48:49/img_851.png,0.46270751953125,-0.02923583984375,1,0,0
samples/2019-11-23_21:48:49/img_852.png,0.999969482421875,0.061676025390625,1,0,0
samples/2019-11-23_21:48:49/img_853.png,0.999969482421875,0.064910888671875,0,0,0
samples/2019-11-23_21:48:49/img_854.png,0.999969482421875,0.06817626953125,1,0,0
samples/2019-11-23_21:48:49/img_855.png,0.999969482421875,0.1201171875,0,0,0
samples/2019-11-23_21:48:49/img_856.png,0.999969482421875,0.13958740234375,0,0,0
samples/2019-11-23_21:48:49/img_857.png,0.999969482421875,0.13958740234375,1,0,0
samples/2019-11-23_21:48:49/img_858.png,0.999969482421875,0.13958740234375,1,0,0
samples/2019-11-23_21:48:49/img_859.png,0.999969482421875,0.13958740234375,0,0,0
samples/2019-11-23_21:48:49/img_860.png,0.999969482421875,0.13958740234375,1,0,0
samples/2019-11-23_21:48:49/img_861.png,0.999969482421875,0.13958740234375,0,0,0
samples/2019-11-23_21:48:49/img_862.png,0.999969482421875,0.1363525390625,1,0,0
samples/2019-11-23_21:48:49/img_863.png,0.999969482421875,0.13958740234375,0,0,0
samples/2019-11-23_21:48:49/img_864.png,-0.70806884765625,-0.055206298828125,1,0,0
samples/2019-11-23_21:48:49/img_865.png,-0.9720458984375,-0.11688232421875,1,0,0
samples/2019-11-23_21:48:49/img_866.png,-0.9720458984375,-0.11688232421875,1,0,0
samples/2019-11-23_21:48:49/img_867.png,-0.322967529296875,-0.120147705078125,0,0,0
samples/2019-11-23_21:48:49/img_868.png,0.139739990234375,-0.0811767578125,0,0,0
samples/2019-11-23_21:48:49/img_869.png,0.428558349609375,-0.08441162109375,1,0,0
samples/2019-11-23_21:48:49/img_870.png,0.555877685546875,-0.08441162109375,1,0,0
samples/2019-11-23_21:48:49/img_871.png,0.999969482421875,-0.035736083984375,0,0,0
samples/2019-11-23_21:48:49/img_872.png,0.999969482421875,-0.022735595703125,1,0,0
samples/2019-11-23_21:48:49/img_873.png,0.999969482421875,-0.0162353515625,0,0,0
samples/2019-11-23_21:48:49/img_874.png,0.999969482421875,-0.068206787109375,0,0,0
samples/2019-11-23_21:48:49/img_875.png,0.999969482421875,-0.058441162109375,1,0,0
samples/2019-11-23_21:48:49/img_876.png,0.999969482421875,-0.058441162109375,1,0,0
samples/2019-11-23_21:48:49/img_877.png,0.999969482421875,-0.058441162109375,0,0,0
samples/2019-11-23_21:48:49/img_878.png,0.999969482421875,-0.058441162109375,0,0,0
samples/2019-11-23_21:48:49/img_879.png,0.999969482421875,-0.058441162109375,0,0,0
samples/2019-11-23_21:48:49/img_880.png,0.999969482421875,-0.055206298828125,0,0,0
samples/2019-11-23_21:48:49/img_881.png,0.999969482421875,-0.058441162109375,1,0,0
samples/2019-11-23_21:48:49/img_882.png,-0.11181640625,-0.14935302734375,1,0,0
samples/2019-11-23_21:48:49/img_883.png,-0.44097900390625,-0.237030029296875,0,0,0
samples/2019-11-23_21:48:49/img_884.png,-0.909912109375,-0.337677001953125,0,0,0
samples/2019-11-23_21:48:49/img_885.png,0.058990478515625,-0.14935302734375,1,0,0
samples/2019-11-23_21:48:49/img_886.png,-0.23291015625,-0.142852783203125,1,0,0
samples/2019-11-23_21:48:49/img_887.png,-0.80743408203125,-0.272735595703125,1,0,0
samples/2019-11-23_21:48:49/img_888.png,-0.70184326171875,-0.275970458984375,1,0,0
samples/2019-11-23_21:48:49/img_889.png,-0.437896728515625,-0.27923583984375,1,0,0
samples/2019-11-23_21:48:49/img_890.png,-0.229827880859375,-0.275970458984375,1,0,0
samples/2019-11-23_21:48:49/img_891.png,-0.198760986328125,-0.282470703125,1,0,0
samples/2019-11-23_21:48:49/img_892.png,-0.981353759765625,-0.152618408203125,1,0,0
samples/2019-11-23_21:48:49/img_893.png,-0.981353759765625,-0.07794189453125,1,0,0
samples/2019-11-23_21:48:49/img_894.png,-0.981353759765625,-0.058441162109375,1,0,0
samples/2019-11-23_21:48:49/img_895.png,-0.981353759765625,-0.058441162109375,1,0,0
samples/2019-11-23_21:48:49/img_896.png,-0.981353759765625,-0.058441162109375,1,0,0
samples/2019-11-23_21:48:49/img_897.png,-0.981353759765625,-0.058441162109375,1,0,0
samples/2019-11-23_21:48:49/img_898.png,-0.10870361328125,-0.06170654296875,1,0,0
samples/2019-11-23_21:48:49/img_899.png,-0.099395751953125,-0.058441162109375,1,0,0
samples/2019-11-23_21:48:49/img_900.png,-0.981353759765625,-0.055206298828125,1,0,0
samples/2019-11-23_21:48:49/img_901.png,-0.981353759765625,-0.055206298828125,1,0,0
samples/2019-11-23_21:48:49/img_902.png,-0.981353759765625,-0.055206298828125,1,0,0
samples/2019-11-23_21:48:49/img_903.png,-0.981353759765625,-0.055206298828125,1,0,0
samples/2019-11-23_21:48:49/img_904.png,-0.568328857421875,-0.06494140625,1,0,0
samples/2019-11-23_21:48:49/img_905.png,-0.226715087890625,-0.06170654296875,0,0,0
samples/2019-11-23_21:48:49/img_906.png,-0.009307861328125,-0.06170654296875,1,0,0
samples/2019-11-23_21:48:49/img_907.png,0.0279541015625,-0.06170654296875,1,0,0
samples/2019-11-23_21:48:49/img_908.png,-0.689422607421875,-0.051971435546875,1,0,0
samples/2019-11-23_21:48:49/img_909.png,-0.6552734375,-0.051971435546875,1,0,0
samples/2019-11-23_21:48:49/img_910.png,-0.1055908203125,-0.055206298828125,1,0,0
samples/2019-11-23_21:48:49/img_911.png,-0.086944580078125,-0.055206298828125,1,0,0
samples/2019-11-23_21:48:49/img_912.png,-0.05279541015625,-0.055206298828125,1,0,0
samples/2019-11-23_21:48:49/img_913.png,-0.05279541015625,-0.055206298828125,1,0,0
samples/2019-11-23_21:48:49/img_914.png,-0.05279541015625,-0.055206298828125,1,0,0
samples/2019-11-23_21:48:49/img_915.png,-0.05279541015625,-0.055206298828125,1,0,0
samples/2019-11-23_21:48:49/img_916.png,-0.05279541015625,-0.055206298828125,1,0,0
samples/2019-11-23_21:48:49/img_917.png,-0.05279541015625,-0.055206298828125,1,0,0
samples/2019-11-23_21:48:49/img_918.png,-0.05279541015625,-0.055206298828125,1,0,0
samples/2019-11-23_21:48:49/img_919.png,-0.05279541015625,-0.055206298828125,1,0,0
samples/2019-11-23_21:48:49/img_920.png,-0.05279541015625,-0.055206298828125,1,0,0
samples/2019-11-23_21:48:49/img_921.png,-0.05279541015625,-0.055206298828125,1,0,0
samples/2019-11-23_21:48:49/img_922.png,-0.1055908203125,-0.055206298828125,1,0,0
samples/2019-11-23_21:48:49/img_923.png,-0.1055908203125,-0.055206298828125,1,0,0
samples/2019-11-23_21:48:49/img_924.png,-0.1055908203125,-0.055206298828125,1,0,0
samples/2019-11-23_21:48:49/img_925.png,-0.1055908203125,-0.055206298828125,1,0,0
samples/2019-11-23_21:48:49/img_926.png,-0.1055908203125,-0.055206298828125,1,0,0
samples/2019-11-23_21:48:49/img_927.png,-0.1055908203125,-0.055206298828125,1,0,0
samples/2019-11-23_21:48:49/img_928.png,-0.1055908203125,-0.055206298828125,1,0,0
samples/2019-11-23_21:48:49/img_929.png,-0.1055908203125,-0.055206298828125,1,0,0
samples/2019-11-23_21:48:49/img_930.png,-0.1055908203125,-0.055206298828125,1,0,0
samples/2019-11-23_21:48:49/img_931.png,-0.1055908203125,-0.055206298828125,1,0,0
samples/2019-11-23_21:48:49/img_932.png,-0.1055908203125,-0.055206298828125,1,0,0
samples/2019-11-23_21:48:49/img_933.png,-0.1055908203125,-0.055206298828125,1,0,0
samples/2019-11-23_21:48:49/img_934.png,-0.1055908203125,-0.055206298828125,1,0,0
samples/2019-11-23_21:48:49/img_935.png,-0.1055908203125,-0.055206298828125,1,0,0
samples/2019-11-23_21:48:49/img_936.png,-0.1055908203125,-0.055206298828125,1,0,0
samples/2019-11-23_21:48:49/img_937.png,-0.1055908203125,-0.055206298828125,1,0,0
samples/2019-11-23_21:48:49/img_938.png,-0.1055908203125,-0.055206298828125,1,0,0
samples/2019-11-23_21:48:49/img_939.png,-0.1055908203125,-0.055206298828125,1,0,0
samples/2019-11-23_21:48:49/img_940.png,0.999969482421875,0.045440673828125,1,0,0
samples/2019-11-23_21:48:49/img_941.png,0.999969482421875,0.06817626953125,1,0,0
samples/2019-11-23_21:48:49/img_942.png,0.999969482421875,0.214263916015625,1,0,0
samples/2019-11-23_21:48:49/img_943.png,0.999969482421875,0.211029052734375,0,0,0
samples/2019-11-23_21:48:49/img_944.png,0.999969482421875,0.211029052734375,0,0,0
samples/2019-11-23_21:48:49/img_945.png,0.999969482421875,0.211029052734375,1,0,0
samples/2019-11-23_21:48:49/img_946.png,0.999969482421875,0.211029052734375,1,0,0
samples/2019-11-23_21:48:49/img_947.png,0.999969482421875,0.214263916015625,1,0,0
samples/2019-11-23_21:48:49/img_948.png,0.1055908203125,-0.0162353515625,0,0,0
samples/2019-11-23_21:48:49/img_949.png,0.090057373046875,-0.0162353515625,1,0,0
samples/2019-11-23_21:48:49/img_950.png,0.015533447265625,-0.0162353515625,0,0,0
samples/2019-11-23_21:48:49/img_951.png,0.288818359375,-0.01300048828125,0,0,0
samples/2019-11-23_21:48:49/img_952.png,0.999969482421875,0.1363525390625,0,0,0
samples/2019-11-23_21:48:49/img_953.png,0.133544921875,0.045440673828125,1,0,0
samples/2019-11-23_21:48:49/img_954.png,0.12420654296875,0.042205810546875,0,0,0
samples/2019-11-23_21:48:49/img_955.png,0.177001953125,0.045440673828125,1,0,0
samples/2019-11-23_21:48:49/img_956.png,0.1552734375,0.05517578125,1,0,0
samples/2019-11-23_21:48:49/img_957.png,0.114898681640625,0.05517578125,0,0,0
samples/2019-11-23_21:48:49/img_958.png,0.068328857421875,0.058441162109375,1,0,0
samples/2019-11-23_21:48:49/img_959.png,0.068328857421875,0.058441162109375,1,0,0
samples/2019-11-23_21:48:49/img_960.png,0.068328857421875,0.058441162109375,1,0,0
samples/2019-11-23_21:48:49/img_961.png,0.068328857421875,0.058441162109375,1,0,0
samples/2019-11-23_21:48:49/img_962.png,0.068328857421875,0.058441162109375,1,0,0
samples/2019-11-23_21:48:49/img_963.png,0.068328857421875,0.058441162109375,1,0,0
samples/2019-11-23_21:48:49/img_964.png,0.068328857421875,0.058441162109375,1,0,0
samples/2019-11-23_21:48:49/img_965.png,0.136627197265625,0.058441162109375,1,0,0
samples/2019-11-23_21:48:49/img_966.png,0.04656982421875,0.06817626953125,1,0,0
samples/2019-11-23_21:48:49/img_967.png,0.04656982421875,0.06817626953125,1,0,0
samples/2019-11-23_21:48:49/img_968.png,0.037261962890625,0.06817626953125,1,0,0
samples/2019-11-23_21:48:49/img_969.png,0.037261962890625,0.06817626953125,1,0,0
samples/2019-11-23_21:48:49/img_970.png,0.037261962890625,0.06817626953125,1,0,0
samples/2019-11-23_21:48:49/img_971.png,0.037261962890625,0.06817626953125,1,0,0
samples/2019-11-23_21:48:49/img_972.png,0.037261962890625,0.06817626953125,1,0,0
samples/2019-11-23_21:48:49/img_973.png,0.037261962890625,0.06817626953125,1,0,0
samples/2019-11-23_21:48:49/img_974.png,0.037261962890625,0.06817626953125,1,0,0
samples/2019-11-23_21:48:49/img_975.png,0.037261962890625,0.06817626953125,1,0,0
samples/2019-11-23_21:48:49/img_976.png,0.037261962890625,0.06817626953125,1,0,0
samples/2019-11-23_21:48:49/img_977.png,0.037261962890625,0.06817626953125,1,0,0
samples/2019-11-23_21:48:49/img_978.png,0.037261962890625,0.06817626953125,1,0,0
samples/2019-11-23_21:48:49/img_979.png,0.037261962890625,0.06817626953125,0,0,0
samples/2019-11-23_21:48:49/img_980.png,0.037261962890625,0.06817626953125,0,0,0
samples/2019-11-23_21:48:49/img_981.png,0.037261962890625,0.06817626953125,0,0,0
samples/2019-11-23_21:48:49/img_982.png,0.037261962890625,0.06817626953125,0,0,0
samples/2019-11-23_21:48:49/img_983.png,0.037261962890625,0.06817626953125,0,0,0
samples/2019-11-23_21:48:49/img_984.png,0.037261962890625,0.06817626953125,0,0,0
samples/2019-11-23_21:48:49/img_985.png,0.037261962890625,0.06817626953125,0,0,0
samples/2019-11-23_21:48:49/img_986.png,0.037261962890625,0.06817626953125,0,0,0
samples/2019-11-23_21:48:49/img_987.png,0.037261962890625,0.06817626953125,0,0,0
samples/2019-11-23_21:48:49/img_988.png,0.009307861328125,0.06817626953125,0,0,0
samples/2019-11-23_21:48:49/img_989.png,0.009307861328125,0.06817626953125,0,0,0
samples/2019-11-23_21:48:49/img_990.png,0.009307861328125,0.06817626953125,0,0,0
samples/2019-11-23_21:48:49/img_991.png,0.009307861328125,0.06817626953125,0,0,0
samples/2019-11-23_21:48:49/img_992.png,0.009307861328125,0.06817626953125,0,0,0
samples/2019-11-23_21:48:49/img_993.png,0.009307861328125,0.06817626953125,0,0,0
samples/2019-11-23_21:48:49/img_994.png,0.009307861328125,0.06817626953125,0,0,0
samples/2019-11-23_21:48:49/img_995.png,0.009307861328125,0.06817626953125,0,0,0
samples/2019-11-23_21:48:49/img_996.png,0.009307861328125,0.06817626953125,0,0,0
samples/2019-11-23_21:48:49/img_997.png,0.009307861328125,0.06817626953125,0,0,0
samples/2019-11-23_21:48:49/img_998.png,0.009307861328125,0.06817626953125,0,0,0
samples/2019-11-23_21:48:49/img_999.png,0.009307861328125,0.06817626953125,0,0,0
samples/2019-11-23_21:48:49/img_1000.png,0.009307861328125,0.06817626953125,0,0,0
samples/2019-11-23_21:48:49/img_1001.png,0.009307861328125,0.06817626953125,0,0,0
