samples/2019-11-23_3/img_0.png,-0.10247802734375,0.05517578125,0,0,0
samples/2019-11-23_3/img_1.png,-0.10247802734375,0.05517578125,0,0,0
samples/2019-11-23_3/img_2.png,-0.10247802734375,0.05517578125,0,0,0
samples/2019-11-23_3/img_3.png,-0.10247802734375,0.05517578125,0,0,0
samples/2019-11-23_3/img_4.png,-0.10247802734375,0.05517578125,0,0,0
samples/2019-11-23_3/img_5.png,-0.10247802734375,0.05517578125,0,0,0
samples/2019-11-23_3/img_6.png,-0.10247802734375,0.05517578125,0,0,0
samples/2019-11-23_3/img_7.png,-0.08074951171875,0.05194091796875,1,0,0
samples/2019-11-23_3/img_8.png,-0.05902099609375,0.05194091796875,1,0,0
samples/2019-11-23_3/img_9.png,0.114898681640625,0.05194091796875,1,0,0
samples/2019-11-23_3/img_10.png,0.999969482421875,0.05194091796875,1,0,0
samples/2019-11-23_3/img_11.png,0.043487548828125,0.058441162109375,1,0,0
samples/2019-11-23_3/img_12.png,0.043487548828125,0.058441162109375,1,0,0
samples/2019-11-23_3/img_13.png,0.099365234375,0.058441162109375,1,0,0
samples/2019-11-23_3/img_14.png,0.552764892578125,0.058441162109375,1,0,0
samples/2019-11-23_3/img_15.png,0.999969482421875,0.061676025390625,1,0,0
samples/2019-11-23_3/img_16.png,0.999969482421875,0.061676025390625,1,0,0
samples/2019-11-23_3/img_17.png,0.05279541015625,0.058441162109375,1,0,0
samples/2019-11-23_3/img_18.png,0.01861572265625,0.058441162109375,1,0,0
samples/2019-11-23_3/img_19.png,0.86334228515625,0.058441162109375,1,0,0
samples/2019-11-23_3/img_20.png,0.999969482421875,0.064910888671875,1,0,0
samples/2019-11-23_3/img_21.png,0.999969482421875,0.07464599609375,1,0,0
samples/2019-11-23_3/img_22.png,0.04656982421875,0.06817626953125,1,0,0
samples/2019-11-23_3/img_23.png,0.139739990234375,0.064910888671875,1,0,0
samples/2019-11-23_3/img_24.png,0.46893310546875,0.064910888671875,1,0,0
samples/2019-11-23_3/img_25.png,0.999969482421875,0.06817626953125,1,0,0
samples/2019-11-23_3/img_26.png,0.999969482421875,0.06817626953125,1,0,0
samples/2019-11-23_3/img_27.png,0.09625244140625,0.08441162109375,1,0,0
samples/2019-11-23_3/img_28.png,0.82916259765625,0.09088134765625,1,0,0
samples/2019-11-23_3/img_29.png,0.999969482421875,0.1363525390625,1,0,0
samples/2019-11-23_3/img_30.png,0.999969482421875,0.1363525390625,1,0,0
samples/2019-11-23_3/img_31.png,0.3385009765625,0.13958740234375,1,0,0
samples/2019-11-23_3/img_32.png,0.133544921875,0.13958740234375,1,0,0
samples/2019-11-23_3/img_33.png,-0.012420654296875,0.13958740234375,1,0,0
samples/2019-11-23_3/img_34.png,-0.040374755859375,0.13958740234375,1,0,0
samples/2019-11-23_3/img_35.png,-0.987548828125,0.116851806640625,1,0,0
samples/2019-11-23_3/img_36.png,-0.1832275390625,0.133087158203125,1,0,0
samples/2019-11-23_3/img_37.png,-0.16461181640625,0.129852294921875,1,0,0
samples/2019-11-23_3/img_38.png,-0.16461181640625,0.129852294921875,1,0,0
samples/2019-11-23_3/img_39.png,-0.978240966796875,0.06817626953125,1,0,0
samples/2019-11-23_3/img_40.png,-0.819854736328125,-0.032470703125,1,0,0
samples/2019-11-23_3/img_41.png,0.040374755859375,-0.01300048828125,1,0,0
samples/2019-11-23_3/img_42.png,0.295013427734375,-0.009765625,1,0,0
samples/2019-11-23_3/img_43.png,0.02484130859375,-0.009765625,1,0,0
samples/2019-11-23_3/img_44.png,0.8602294921875,0.13958740234375,1,0,0
samples/2019-11-23_3/img_45.png,0.999969482421875,0.18829345703125,1,0,0
samples/2019-11-23_3/img_46.png,0.999969482421875,0.18829345703125,1,0,0
samples/2019-11-23_3/img_47.png,0.999969482421875,0.18829345703125,1,0,0
samples/2019-11-23_3/img_48.png,0.999969482421875,0.18829345703125,1,0,0
samples/2019-11-23_3/img_49.png,0.999969482421875,0.18829345703125,1,0,0
samples/2019-11-23_3/img_50.png,0.999969482421875,0.18829345703125,1,0,0
samples/2019-11-23_3/img_51.png,0.52484130859375,0.1201171875,1,0,0
samples/2019-11-23_3/img_52.png,0.999969482421875,0.181793212890625,1,0,0
samples/2019-11-23_3/img_53.png,0.950286865234375,0.18829345703125,1,0,0
samples/2019-11-23_3/img_54.png,0.2825927734375,0.152587890625,1,0,0
samples/2019-11-23_3/img_55.png,0.145965576171875,0.1363525390625,1,0,0
samples/2019-11-23_3/img_56.png,0.925445556640625,0.1688232421875,1,0,0
samples/2019-11-23_3/img_57.png,0.999969482421875,0.230499267578125,1,0,0
samples/2019-11-23_3/img_58.png,0.999969482421875,0.230499267578125,1,0,0
samples/2019-11-23_3/img_59.png,0.999969482421875,0.230499267578125,1,0,0
samples/2019-11-23_3/img_60.png,0.999969482421875,0.230499267578125,1,0,0
samples/2019-11-23_3/img_61.png,0.999969482421875,0.230499267578125,1,0,0
samples/2019-11-23_3/img_62.png,0.040374755859375,0.1363525390625,1,0,0
samples/2019-11-23_3/img_63.png,-0.987548828125,-0.074676513671875,1,0,0
samples/2019-11-23_3/img_64.png,-0.987548828125,-0.0487060546875,1,0,0
samples/2019-11-23_3/img_65.png,-0.099395751953125,0.110382080078125,1,0,0
samples/2019-11-23_3/img_66.png,-0.10870361328125,0.110382080078125,1,0,0
samples/2019-11-23_3/img_67.png,-0.981353759765625,0.146087646484375,1,0,0
samples/2019-11-23_3/img_68.png,-0.981353759765625,0.146087646484375,1,0,0
samples/2019-11-23_3/img_69.png,-0.981353759765625,0.146087646484375,1,0,0
samples/2019-11-23_3/img_70.png,-0.981353759765625,0.146087646484375,1,0,0
samples/2019-11-23_3/img_71.png,-0.981353759765625,0.152587890625,0,0,0
samples/2019-11-23_3/img_72.png,-0.981353759765625,0.152587890625,0,0,0
samples/2019-11-23_3/img_73.png,-0.981353759765625,0.152587890625,0,0,0
samples/2019-11-23_3/img_74.png,-0.981353759765625,0.152587890625,0,0,0
samples/2019-11-23_3/img_75.png,-0.981353759765625,0.152587890625,1,0,0
samples/2019-11-23_3/img_76.png,-0.981353759765625,0.152587890625,1,0,0
samples/2019-11-23_3/img_77.png,-0.981353759765625,0.152587890625,1,0,0
samples/2019-11-23_3/img_78.png,-0.220489501953125,0.142852783203125,1,0,0
samples/2019-11-23_3/img_79.png,0.18011474609375,0.077911376953125,1,0,0
samples/2019-11-23_3/img_80.png,0.18011474609375,0.077911376953125,1,0,0
samples/2019-11-23_3/img_81.png,-0.15838623046875,0.07464599609375,1,0,0
samples/2019-11-23_3/img_82.png,0.12420654296875,0.07464599609375,1,0,0
samples/2019-11-23_3/img_83.png,0.745330810546875,0.2012939453125,1,0,0
samples/2019-11-23_3/img_84.png,0.043487548828125,0.081146240234375,1,0,0
samples/2019-11-23_3/img_85.png,-0.170806884765625,0.09088134765625,1,0,0
samples/2019-11-23_3/img_86.png,-0.41302490234375,0.129852294921875,1,0,0
samples/2019-11-23_3/img_87.png,0.70184326171875,0.064910888671875,1,0,0
samples/2019-11-23_3/img_88.png,0.70184326171875,0.064910888671875,1,0,0
samples/2019-11-23_3/img_89.png,0.13043212890625,0.064910888671875,0,0,0
samples/2019-11-23_3/img_90.png,-0.1832275390625,0.064910888671875,0,0,0
samples/2019-11-23_3/img_91.png,-0.829193115234375,-0.006500244140625,0,0,0
samples/2019-11-23_3/img_92.png,-0.1832275390625,0.116851806640625,0,0,0
samples/2019-11-23_3/img_93.png,-0.99066162109375,0.094146728515625,0,0,0
samples/2019-11-23_3/img_94.png,-0.167694091796875,0.097381591796875,0,0,0
samples/2019-11-23_3/img_95.png,-0.742218017578125,-0.06170654296875,0,0,0
samples/2019-11-23_3/img_96.png,-0.145965576171875,0.012969970703125,0,0,0
samples/2019-11-23_3/img_97.png,-0.984466552734375,-0.0487060546875,0,0,0
samples/2019-11-23_3/img_98.png,-0.540374755859375,-0.022735595703125,0,0,0
samples/2019-11-23_3/img_99.png,-0.437896728515625,0.0,1,0,0
samples/2019-11-23_3/img_100.png,-0.20806884765625,0.00323486328125,1,0,0
samples/2019-11-23_3/img_101.png,-0.1832275390625,0.012969970703125,1,0,0
samples/2019-11-23_3/img_102.png,-0.698760986328125,0.022705078125,1,0,0
samples/2019-11-23_3/img_103.png,-0.173919677734375,0.022705078125,1,0,0
samples/2019-11-23_3/img_104.png,-0.1832275390625,0.022705078125,1,0,0
samples/2019-11-23_3/img_105.png,-0.167694091796875,0.022705078125,1,0,0
samples/2019-11-23_3/img_106.png,-0.81365966796875,0.022705078125,0,0,0
samples/2019-11-23_3/img_107.png,-0.987548828125,0.025970458984375,1,0,0
samples/2019-11-23_3/img_108.png,-0.987548828125,-0.0162353515625,0,0,0
samples/2019-11-23_3/img_109.png,-0.984466552734375,-0.074676513671875,0,0,0
samples/2019-11-23_3/img_110.png,-0.984466552734375,-0.07794189453125,0,0,0
samples/2019-11-23_3/img_111.png,-0.409942626953125,0.097381591796875,0,0,0
samples/2019-11-23_3/img_112.png,-0.987548828125,0.0389404296875,1,0,0
samples/2019-11-23_3/img_113.png,-0.133544921875,-0.0260009765625,1,0,0
samples/2019-11-23_3/img_114.png,-0.133544921875,-0.019500732421875,0,0,0
samples/2019-11-23_3/img_115.png,-0.739105224609375,0.016204833984375,0,0,0
samples/2019-11-23_3/img_116.png,-0.742218017578125,-0.04547119140625,0,0,0
samples/2019-11-23_3/img_117.png,-0.16461181640625,0.12335205078125,1,0,0
samples/2019-11-23_3/img_118.png,-0.05902099609375,0.12335205078125,1,0,0
samples/2019-11-23_3/img_119.png,-0.05279541015625,0.12335205078125,1,0,0
samples/2019-11-23_3/img_120.png,-0.05279541015625,0.10711669921875,0,0,0
samples/2019-11-23_3/img_121.png,-0.05279541015625,0.087646484375,1,0,0
samples/2019-11-23_3/img_122.png,-0.05279541015625,0.087646484375,1,0,0
samples/2019-11-23_3/img_123.png,-0.05279541015625,0.087646484375,1,0,0
samples/2019-11-23_3/img_124.png,-0.05279541015625,0.09088134765625,0,0,0
samples/2019-11-23_3/img_125.png,0.245330810546875,0.09088134765625,0,0,0
samples/2019-11-23_3/img_126.png,0.3167724609375,0.09088134765625,1,0,0
samples/2019-11-23_3/img_127.png,0.3167724609375,0.09088134765625,0,0,0
samples/2019-11-23_3/img_128.png,0.7049560546875,0.133087158203125,1,0,0
samples/2019-11-23_3/img_129.png,0.75775146484375,0.1363525390625,0,0,0
samples/2019-11-23_3/img_130.png,0.760833740234375,0.133087158203125,1,0,0
samples/2019-11-23_3/img_131.png,0.108673095703125,0.0714111328125,0,0,0
samples/2019-11-23_3/img_132.png,0.36334228515625,0.06817626953125,1,0,0
samples/2019-11-23_3/img_133.png,0.999969482421875,0.15582275390625,0,0,0
samples/2019-11-23_3/img_134.png,0.999969482421875,0.152587890625,1,0,0
samples/2019-11-23_3/img_135.png,0.999969482421875,0.152587890625,0,0,0
samples/2019-11-23_3/img_136.png,0.999969482421875,0.152587890625,0,0,0
samples/2019-11-23_3/img_137.png,0.999969482421875,0.1915283203125,0,0,0
samples/2019-11-23_3/img_138.png,0.999969482421875,0.1915283203125,0,0,0
samples/2019-11-23_3/img_139.png,0.999969482421875,0.1915283203125,0,0,0
samples/2019-11-23_3/img_140.png,0.999969482421875,0.194793701171875,1,0,0
samples/2019-11-23_3/img_141.png,0.999969482421875,0.194793701171875,0,0,0
samples/2019-11-23_3/img_142.png,0.999969482421875,0.194793701171875,1,0,0
samples/2019-11-23_3/img_143.png,0.95648193359375,0.142852783203125,0,0,0
samples/2019-11-23_3/img_144.png,0.54345703125,-0.06170654296875,0,0,0
samples/2019-11-23_3/img_145.png,0.369537353515625,-0.07794189453125,0,0,0
samples/2019-11-23_3/img_146.png,0.369537353515625,-0.07794189453125,0,0,0
samples/2019-11-23_3/img_147.png,0.91302490234375,-0.0811767578125,0,0,0
samples/2019-11-23_3/img_148.png,0.91302490234375,-0.0811767578125,0,0,0
samples/2019-11-23_3/img_149.png,0.999969482421875,-0.0487060546875,0,0,0
samples/2019-11-23_3/img_150.png,0.739105224609375,-0.055206298828125,0,0,0
samples/2019-11-23_3/img_151.png,0.54656982421875,-0.103912353515625,0,0,0
samples/2019-11-23_3/img_152.png,0.54656982421875,-0.103912353515625,0,0,0
samples/2019-11-23_3/img_153.png,0.23602294921875,-0.123382568359375,1,0,0
samples/2019-11-23_3/img_154.png,0.23602294921875,-0.123382568359375,1,0,0
samples/2019-11-23_3/img_155.png,-0.1055908203125,-0.06170654296875,1,0,0
samples/2019-11-23_3/img_156.png,-0.1055908203125,-0.051971435546875,1,0,0
samples/2019-11-23_3/img_157.png,-0.012420654296875,-0.055206298828125,1,0,0
samples/2019-11-23_3/img_158.png,-0.012420654296875,-0.055206298828125,1,0,0
samples/2019-11-23_3/img_159.png,0.69561767578125,0.048675537109375,1,0,0
samples/2019-11-23_3/img_160.png,0.999969482421875,0.064910888671875,1,0,0
samples/2019-11-23_3/img_161.png,0.23602294921875,0.06817626953125,1,0,0
samples/2019-11-23_3/img_162.png,0.145965576171875,0.064910888671875,1,0,0
samples/2019-11-23_3/img_163.png,0.717376708984375,0.13958740234375,1,0,0
samples/2019-11-23_3/img_164.png,0.999969482421875,0.22076416015625,1,0,0
samples/2019-11-23_3/img_165.png,0.95648193359375,0.22076416015625,1,0,0
samples/2019-11-23_3/img_166.png,0.145965576171875,0.146087646484375,1,0,0
samples/2019-11-23_3/img_167.png,-0.192535400390625,0.13958740234375,1,0,0
samples/2019-11-23_3/img_168.png,-0.984466552734375,0.13958740234375,1,0,0
samples/2019-11-23_3/img_169.png,-0.167694091796875,0.142852783203125,1,0,0
samples/2019-11-23_3/img_170.png,0.009307861328125,0.06817626953125,0,0,0
samples/2019-11-23_3/img_171.png,-0.81365966796875,0.12335205078125,1,0,0
samples/2019-11-23_3/img_172.png,-0.984466552734375,0.1201171875,0,0,0
samples/2019-11-23_3/img_173.png,-0.981353759765625,0.1201171875,0,0,0
samples/2019-11-23_3/img_174.png,-0.984466552734375,0.12335205078125,1,0,0
samples/2019-11-23_3/img_175.png,-0.984466552734375,0.12335205078125,1,0,0
samples/2019-11-23_3/img_176.png,-0.748443603515625,0.1201171875,0,0,0
samples/2019-11-23_3/img_177.png,-0.981353759765625,0.149322509765625,0,0,0
samples/2019-11-23_3/img_178.png,-0.978240966796875,0.149322509765625,0,0,0
samples/2019-11-23_3/img_179.png,-0.0838623046875,0.126617431640625,1,0,0
samples/2019-11-23_3/img_180.png,-0.0838623046875,0.116851806640625,1,0,0
samples/2019-11-23_3/img_181.png,-0.093170166015625,0.113616943359375,1,0,0
samples/2019-11-23_3/img_182.png,-0.093170166015625,0.113616943359375,1,0,0
samples/2019-11-23_3/img_183.png,-0.093170166015625,0.113616943359375,1,0,0
samples/2019-11-23_3/img_184.png,-0.093170166015625,0.113616943359375,1,0,0
samples/2019-11-23_3/img_185.png,-0.093170166015625,0.113616943359375,1,0,0
samples/2019-11-23_3/img_186.png,-0.071441650390625,0.113616943359375,1,0,0
samples/2019-11-23_3/img_187.png,0.999969482421875,0.149322509765625,0,0,0
samples/2019-11-23_3/img_188.png,0.999969482421875,0.149322509765625,0,0,0
samples/2019-11-23_3/img_189.png,0.999969482421875,0.146087646484375,0,0,0
samples/2019-11-23_3/img_190.png,0.999969482421875,0.146087646484375,0,0,0
samples/2019-11-23_3/img_191.png,-0.018646240234375,-0.01300048828125,0,0,0
samples/2019-11-23_3/img_192.png,-0.05279541015625,-0.0162353515625,0,0,0
samples/2019-11-23_3/img_193.png,-0.093170166015625,0.0064697265625,1,0,0
samples/2019-11-23_3/img_194.png,-0.090057373046875,0.0,0,0,0
samples/2019-11-23_3/img_195.png,-0.090057373046875,0.00323486328125,0,0,0
samples/2019-11-23_3/img_196.png,-0.090057373046875,0.0064697265625,1,0,0
samples/2019-11-23_3/img_197.png,-0.829193115234375,-0.02923583984375,1,0,0
samples/2019-11-23_3/img_198.png,-0.586944580078125,-0.02923583984375,1,0,0
samples/2019-11-23_3/img_199.png,0.034149169921875,-0.01300048828125,1,0,0
samples/2019-11-23_3/img_200.png,0.068328857421875,-0.01300048828125,0,0,0
samples/2019-11-23_3/img_201.png,0.111785888671875,-0.01300048828125,0,0,0
samples/2019-11-23_3/img_202.png,0.164581298828125,-0.01300048828125,1,0,0
samples/2019-11-23_3/img_203.png,0.642852783203125,0.022705078125,0,0,0
samples/2019-11-23_3/img_204.png,0.642852783203125,0.01947021484375,1,0,0
samples/2019-11-23_3/img_205.png,-0.012420654296875,0.025970458984375,0,0,0
samples/2019-11-23_3/img_206.png,-0.043487548828125,0.025970458984375,1,0,0
samples/2019-11-23_3/img_207.png,-0.043487548828125,0.025970458984375,0,0,0
samples/2019-11-23_3/img_208.png,0.058990478515625,0.022705078125,0,0,0
samples/2019-11-23_3/img_209.png,0.2049560546875,0.025970458984375,0,0,0
samples/2019-11-23_3/img_210.png,0.72357177734375,0.025970458984375,1,0,0
samples/2019-11-23_3/img_211.png,0.043487548828125,0.025970458984375,0,0,0
samples/2019-11-23_3/img_212.png,0.043487548828125,0.025970458984375,0,0,0
samples/2019-11-23_3/img_213.png,0.043487548828125,0.025970458984375,0,0,0
samples/2019-11-23_3/img_214.png,0.211181640625,0.025970458984375,0,0,0
samples/2019-11-23_3/img_215.png,0.8043212890625,0.05194091796875,0,0,0
samples/2019-11-23_3/img_216.png,0.67388916015625,0.048675537109375,0,0,0
samples/2019-11-23_3/img_217.png,0.15838623046875,0.042205810546875,0,0,0
samples/2019-11-23_3/img_218.png,0.5155029296875,0.042205810546875,0,0,0
samples/2019-11-23_3/img_219.png,0.57763671875,0.042205810546875,0,0,0
samples/2019-11-23_3/img_220.png,0.57763671875,0.042205810546875,0,0,0
samples/2019-11-23_3/img_221.png,0.1832275390625,0.045440673828125,0,0,0
samples/2019-11-23_3/img_222.png,0.1832275390625,0.045440673828125,0,0,0
samples/2019-11-23_3/img_223.png,0.565185546875,0.045440673828125,0,0,0
samples/2019-11-23_3/img_224.png,0.562103271484375,0.045440673828125,1,0,0
samples/2019-11-23_3/img_225.png,0.562103271484375,0.045440673828125,0,0,0
samples/2019-11-23_3/img_226.png,0.562103271484375,0.045440673828125,0,0,0
samples/2019-11-23_3/img_227.png,0.639739990234375,0.048675537109375,1,0,0
samples/2019-11-23_3/img_228.png,0.6552734375,0.045440673828125,0,0,0
samples/2019-11-23_3/img_229.png,0.65216064453125,0.045440673828125,1,0,0
samples/2019-11-23_3/img_230.png,0.65216064453125,0.045440673828125,0,0,0
samples/2019-11-23_3/img_231.png,0.65216064453125,0.045440673828125,0,0,0
samples/2019-11-23_3/img_232.png,0.65216064453125,0.048675537109375,1,0,0
samples/2019-11-23_3/img_233.png,0.65216064453125,0.045440673828125,0,0,0
samples/2019-11-23_3/img_234.png,0.65216064453125,0.045440673828125,0,0,0
samples/2019-11-23_3/img_235.png,0.65216064453125,0.045440673828125,0,0,0
samples/2019-11-23_3/img_236.png,0.65216064453125,0.045440673828125,0,0,0
samples/2019-11-23_3/img_237.png,0.1490478515625,0.042205810546875,1,0,0
samples/2019-11-23_3/img_238.png,0.1490478515625,0.042205810546875,1,0,0
samples/2019-11-23_3/img_239.png,0.15216064453125,0.0389404296875,1,0,0
samples/2019-11-23_3/img_240.png,0.214263916015625,0.0389404296875,1,0,0
samples/2019-11-23_3/img_241.png,0.2608642578125,0.0389404296875,1,0,0
samples/2019-11-23_3/img_242.png,0.2825927734375,0.0389404296875,1,0,0
samples/2019-11-23_3/img_243.png,0.41925048828125,0.042205810546875,0,0,0
samples/2019-11-23_3/img_244.png,0.4161376953125,0.045440673828125,1,0,0
samples/2019-11-23_3/img_245.png,0.6552734375,0.045440673828125,1,0,0
samples/2019-11-23_3/img_246.png,0.6552734375,0.045440673828125,1,0,0
samples/2019-11-23_3/img_247.png,0.9378662109375,0.152587890625,1,0,0
samples/2019-11-23_3/img_248.png,0.944061279296875,0.15582275390625,0,0,0
samples/2019-11-23_3/img_249.png,0.8043212890625,0.149322509765625,0,0,0
samples/2019-11-23_3/img_250.png,0.658355712890625,0.146087646484375,1,0,0
samples/2019-11-23_3/img_251.png,0.642852783203125,0.13958740234375,1,0,0
samples/2019-11-23_3/img_252.png,0.64593505859375,0.13958740234375,0,0,0
samples/2019-11-23_3/img_253.png,0.38507080078125,0.064910888671875,1,0,0
samples/2019-11-23_3/img_254.png,0.2266845703125,0.064910888671875,0,0,0
samples/2019-11-23_3/img_255.png,-0.437896728515625,0.1363525390625,1,0,0
samples/2019-11-23_3/img_256.png,-0.6490478515625,0.142852783203125,0,0,0
samples/2019-11-23_3/img_257.png,-0.822967529296875,0.13958740234375,0,0,0
samples/2019-11-23_3/img_258.png,-0.633544921875,0.13958740234375,0,0,0
samples/2019-11-23_3/img_259.png,-0.13665771484375,0.081146240234375,0,0,0
samples/2019-11-23_3/img_260.png,0.015533447265625,0.06817626953125,1,0,0
samples/2019-11-23_3/img_261.png,0.040374755859375,0.06817626953125,0,0,0
samples/2019-11-23_3/img_262.png,0.083831787109375,0.0714111328125,1,0,0
samples/2019-11-23_3/img_263.png,0.754638671875,0.0714111328125,1,0,0
samples/2019-11-23_3/img_264.png,0.8385009765625,0.0714111328125,0,0,0
samples/2019-11-23_3/img_265.png,0.83538818359375,0.0714111328125,0,0,0
samples/2019-11-23_3/img_266.png,0.83538818359375,0.0714111328125,0,0,0
samples/2019-11-23_3/img_267.png,0.689422607421875,0.06817626953125,0,0,0
samples/2019-11-23_3/img_268.png,0.41925048828125,0.0714111328125,0,0,0
samples/2019-11-23_3/img_269.png,0.291900634765625,0.064910888671875,1,0,0
samples/2019-11-23_3/img_270.png,0.57452392578125,0.06817626953125,0,0,0
samples/2019-11-23_3/img_271.png,0.999969482421875,0.152587890625,1,0,0
samples/2019-11-23_3/img_272.png,0.999969482421875,0.15582275390625,0,0,0
samples/2019-11-23_3/img_273.png,0.999969482421875,0.15582275390625,0,0,0
samples/2019-11-23_3/img_274.png,0.999969482421875,0.15582275390625,0,0,0
samples/2019-11-23_3/img_275.png,0.999969482421875,0.15582275390625,0,0,0
samples/2019-11-23_3/img_276.png,0.999969482421875,0.15582275390625,1,0,0
samples/2019-11-23_3/img_277.png,0.999969482421875,0.15582275390625,0,0,0
samples/2019-11-23_3/img_278.png,0.999969482421875,0.165557861328125,0,0,0
samples/2019-11-23_3/img_279.png,0.18634033203125,0.142852783203125,0,0,0
samples/2019-11-23_3/img_280.png,0.15216064453125,0.142852783203125,1,0,0
samples/2019-11-23_3/img_281.png,-0.043487548828125,0.13958740234375,0,0,0
samples/2019-11-23_3/img_282.png,-0.046600341796875,0.13958740234375,1,0,0
samples/2019-11-23_3/img_283.png,-0.043487548828125,0.1363525390625,0,0,0
samples/2019-11-23_3/img_284.png,-0.043487548828125,0.1363525390625,0,0,0
samples/2019-11-23_3/img_285.png,-0.0496826171875,0.13958740234375,0,0,0
samples/2019-11-23_3/img_286.png,-0.10247802734375,0.13958740234375,1,0,0
samples/2019-11-23_3/img_287.png,-0.18634033203125,0.1363525390625,1,0,0
samples/2019-11-23_3/img_288.png,-0.692535400390625,0.1363525390625,1,0,0
samples/2019-11-23_3/img_289.png,-0.26397705078125,0.13958740234375,0,0,0
samples/2019-11-23_3/img_290.png,-0.18634033203125,0.13958740234375,0,0,0
samples/2019-11-23_3/img_291.png,-0.70184326171875,0.13958740234375,0,0,0
samples/2019-11-23_3/img_292.png,-0.84161376953125,0.13958740234375,0,0,0
samples/2019-11-23_3/img_293.png,-0.8385009765625,0.13958740234375,1,0,0
samples/2019-11-23_3/img_294.png,-0.944091796875,0.13958740234375,0,0,0
samples/2019-11-23_3/img_295.png,-0.739105224609375,0.13958740234375,1,0,0
samples/2019-11-23_3/img_296.png,-0.562103271484375,0.1363525390625,0,0,0
samples/2019-11-23_3/img_297.png,-0.037261962890625,0.110382080078125,1,0,0
samples/2019-11-23_3/img_298.png,-0.040374755859375,0.113616943359375,0,0,0
samples/2019-11-23_3/img_299.png,-0.11181640625,0.0714111328125,0,0,0
samples/2019-11-23_3/img_300.png,-0.21429443359375,0.07464599609375,0,0,0
samples/2019-11-23_3/img_301.png,-0.773284912109375,0.07464599609375,0,0,0
samples/2019-11-23_3/img_302.png,-0.773284912109375,0.07464599609375,1,0,0
samples/2019-11-23_3/img_303.png,-0.776397705078125,0.07464599609375,1,0,0
samples/2019-11-23_3/img_304.png,-0.773284912109375,0.07464599609375,0,0,0
samples/2019-11-23_3/img_305.png,-0.773284912109375,0.0714111328125,0,0,0
samples/2019-11-23_3/img_306.png,-0.773284912109375,0.0714111328125,1,0,0
samples/2019-11-23_3/img_307.png,-0.75775146484375,0.07464599609375,0,0,0
samples/2019-11-23_3/img_308.png,-0.531036376953125,0.08441162109375,1,0,0
samples/2019-11-23_3/img_309.png,-0.040374755859375,0.081146240234375,0,0,0
samples/2019-11-23_3/img_310.png,0.037261962890625,0.08441162109375,1,0,0
samples/2019-11-23_3/img_311.png,-0.15216064453125,0.06817626953125,1,0,0
samples/2019-11-23_3/img_312.png,-0.89129638671875,0.1363525390625,0,0,0
samples/2019-11-23_3/img_313.png,-0.791900634765625,0.211029052734375,0,0,0
samples/2019-11-23_3/img_314.png,-0.195648193359375,0.152587890625,1,0,0
samples/2019-11-23_3/img_315.png,-0.6552734375,0.142852783203125,1,0,0
samples/2019-11-23_3/img_316.png,-0.984466552734375,0.142852783203125,0,0,0
samples/2019-11-23_3/img_317.png,-0.984466552734375,0.152587890625,0,0,0
samples/2019-11-23_3/img_318.png,-0.4658203125,0.159088134765625,0,0,0
samples/2019-11-23_3/img_319.png,0.02484130859375,0.07464599609375,0,0,0
samples/2019-11-23_3/img_320.png,0.037261962890625,0.07464599609375,1,0,0
samples/2019-11-23_3/img_321.png,0.040374755859375,0.077911376953125,1,0,0
samples/2019-11-23_3/img_322.png,0.037261962890625,0.07464599609375,0,0,0
samples/2019-11-23_3/img_323.png,-0.099395751953125,0.077911376953125,1,0,0
samples/2019-11-23_3/img_324.png,-0.099395751953125,0.077911376953125,1,0,0
samples/2019-11-23_3/img_325.png,-0.767059326171875,0.13958740234375,1,0,0
samples/2019-11-23_3/img_326.png,-0.832275390625,0.13958740234375,1,0,0
samples/2019-11-23_3/img_327.png,0.034149169921875,0.064910888671875,1,0,0
samples/2019-11-23_3/img_328.png,0.642852783203125,0.064910888671875,1,0,0
samples/2019-11-23_3/img_329.png,0.661468505859375,0.064910888671875,1,0,0
samples/2019-11-23_3/img_330.png,0.72979736328125,0.064910888671875,1,0,0
samples/2019-11-23_3/img_331.png,0.633514404296875,0.064910888671875,1,0,0
samples/2019-11-23_3/img_332.png,0.400604248046875,0.06817626953125,1,0,0
samples/2019-11-23_3/img_333.png,-0.043487548828125,0.06817626953125,1,0,0
samples/2019-11-23_3/img_334.png,-0.043487548828125,0.06817626953125,1,0,0
samples/2019-11-23_3/img_335.png,-0.121124267578125,0.06817626953125,1,0,0
samples/2019-11-23_3/img_336.png,-0.586944580078125,0.077911376953125,1,0,0
samples/2019-11-23_3/img_337.png,-0.195648193359375,0.1038818359375,1,0,0
samples/2019-11-23_3/img_338.png,-0.121124267578125,0.08441162109375,1,0,0
samples/2019-11-23_3/img_339.png,0.031036376953125,0.07464599609375,1,0,0
samples/2019-11-23_3/img_340.png,-0.10247802734375,0.07464599609375,1,0,0
samples/2019-11-23_3/img_341.png,-0.981353759765625,0.12335205078125,1,0,0
samples/2019-11-23_3/img_342.png,-0.18634033203125,0.116851806640625,1,0,0
samples/2019-11-23_3/img_343.png,-0.145965576171875,0.081146240234375,1,0,0
samples/2019-11-23_3/img_344.png,0.043487548828125,0.06817626953125,1,0,0
samples/2019-11-23_3/img_345.png,0.552764892578125,0.0714111328125,1,0,0
samples/2019-11-23_3/img_346.png,0.552764892578125,0.0714111328125,1,0,0
samples/2019-11-23_3/img_347.png,-0.009307861328125,0.0714111328125,1,0,0
samples/2019-11-23_3/img_348.png,-0.012420654296875,0.0714111328125,0,0,0
samples/2019-11-23_3/img_349.png,0.23602294921875,0.06817626953125,1,0,0
samples/2019-11-23_3/img_350.png,0.754638671875,0.0714111328125,0,0,0
samples/2019-11-23_3/img_351.png,0.034149169921875,0.06817626953125,0,0,0
samples/2019-11-23_3/img_352.png,-0.015533447265625,0.06817626953125,1,0,0
samples/2019-11-23_3/img_353.png,0.142852783203125,0.064910888671875,0,0,0
samples/2019-11-23_3/img_354.png,0.999969482421875,0.162322998046875,1,0,0
samples/2019-11-23_3/img_355.png,0.999969482421875,0.162322998046875,1,0,0
samples/2019-11-23_3/img_356.png,0.999969482421875,0.152587890625,0,0,0
samples/2019-11-23_3/img_357.png,0.3167724609375,0.064910888671875,1,0,0
samples/2019-11-23_3/img_358.png,0.999969482421875,0.06817626953125,0,0,0
samples/2019-11-23_3/img_359.png,0.999969482421875,0.0714111328125,0,0,0
samples/2019-11-23_3/img_360.png,0.999969482421875,0.0714111328125,0,0,0
samples/2019-11-23_3/img_361.png,0.999969482421875,0.0714111328125,1,0,0
samples/2019-11-23_3/img_362.png,0.999969482421875,0.0714111328125,0,0,0
samples/2019-11-23_3/img_363.png,-0.018646240234375,0.016204833984375,0,0,0
samples/2019-11-23_3/img_364.png,-0.018646240234375,0.016204833984375,1,0,0
samples/2019-11-23_3/img_365.png,0.372650146484375,0.009735107421875,1,0,0
samples/2019-11-23_3/img_366.png,0.999969482421875,0.110382080078125,0,0,0
samples/2019-11-23_3/img_367.png,0.999969482421875,0.110382080078125,1,0,0
samples/2019-11-23_3/img_368.png,0.999969482421875,0.110382080078125,0,0,0
samples/2019-11-23_3/img_369.png,0.999969482421875,0.110382080078125,0,0,0
samples/2019-11-23_3/img_370.png,0.999969482421875,0.110382080078125,1,0,0
samples/2019-11-23_3/img_371.png,0.136627197265625,0.06817626953125,1,0,0
samples/2019-11-23_3/img_372.png,0.136627197265625,0.06817626953125,1,0,0
samples/2019-11-23_3/img_373.png,0.7484130859375,0.06817626953125,1,0,0
samples/2019-11-23_3/img_374.png,0.928558349609375,0.1038818359375,1,0,0
samples/2019-11-23_3/img_375.png,-0.012420654296875,0.081146240234375,1,0,0
samples/2019-11-23_3/img_376.png,-0.086944580078125,0.08441162109375,1,0,0
samples/2019-11-23_3/img_377.png,-0.636627197265625,0.1363525390625,1,0,0
samples/2019-11-23_3/img_378.png,-0.189453125,0.1363525390625,1,0,0
samples/2019-11-23_3/img_379.png,-0.18011474609375,0.1363525390625,1,0,0
samples/2019-11-23_3/img_380.png,-0.18011474609375,0.1363525390625,1,0,0
samples/2019-11-23_3/img_381.png,-0.226715087890625,0.1363525390625,1,0,0
samples/2019-11-23_3/img_382.png,-0.192535400390625,0.1363525390625,1,0,0
samples/2019-11-23_3/img_383.png,-0.173919677734375,0.12335205078125,1,0,0
samples/2019-11-23_3/img_384.png,-0.173919677734375,0.12335205078125,1,0,0
samples/2019-11-23_3/img_385.png,-0.70806884765625,0.1201171875,1,0,0
samples/2019-11-23_3/img_386.png,-0.618011474609375,0.1201171875,1,0,0
samples/2019-11-23_3/img_387.png,-0.2049560546875,0.1201171875,1,0,0
samples/2019-11-23_3/img_388.png,-0.2049560546875,0.1201171875,1,0,0
samples/2019-11-23_3/img_389.png,-0.195648193359375,0.1201171875,1,0,0
samples/2019-11-23_3/img_390.png,-0.223602294921875,0.1201171875,1,0,0
samples/2019-11-23_3/img_391.png,-0.18634033203125,0.064910888671875,1,0,0
samples/2019-11-23_3/img_392.png,-0.149078369140625,0.064910888671875,1,0,0
samples/2019-11-23_3/img_393.png,0.093170166015625,0.061676025390625,0,0,0
samples/2019-11-23_3/img_394.png,0.108673095703125,0.061676025390625,1,0,0
samples/2019-11-23_3/img_395.png,0.692535400390625,0.058441162109375,0,0,0
samples/2019-11-23_3/img_396.png,0.139739990234375,0.064910888671875,1,0,0
samples/2019-11-23_3/img_397.png,0.145965576171875,0.058441162109375,0,0,0
samples/2019-11-23_3/img_398.png,0.7266845703125,0.058441162109375,1,0,0
samples/2019-11-23_3/img_399.png,0.999969482421875,0.06817626953125,0,0,0
samples/2019-11-23_3/img_400.png,0.999969482421875,0.06817626953125,0,0,0
samples/2019-11-23_3/img_401.png,0.999969482421875,0.07464599609375,0,0,0
samples/2019-11-23_3/img_402.png,0.999969482421875,0.07464599609375,0,0,0
samples/2019-11-23_3/img_403.png,0.065216064453125,-0.0162353515625,0,0,0
samples/2019-11-23_3/img_404.png,0.040374755859375,-0.019500732421875,1,0,0
samples/2019-11-23_3/img_405.png,0.872650146484375,0.01947021484375,0,0,0
samples/2019-11-23_3/img_406.png,0.875762939453125,0.01947021484375,1,0,0
samples/2019-11-23_3/img_407.png,0.999969482421875,0.042205810546875,1,0,0
samples/2019-11-23_3/img_408.png,0.999969482421875,0.042205810546875,1,0,0
samples/2019-11-23_3/img_409.png,0.999969482421875,0.0389404296875,1,0,0
samples/2019-11-23_3/img_410.png,0.9378662109375,0.0389404296875,0,0,0
samples/2019-11-23_3/img_411.png,-0.114898681640625,0.06817626953125,0,0,0
samples/2019-11-23_3/img_412.png,-0.832275390625,0.12335205078125,1,0,0
samples/2019-11-23_3/img_413.png,-0.195648193359375,0.12335205078125,0,0,0
samples/2019-11-23_3/img_414.png,-0.16461181640625,0.10064697265625,1,0,0
samples/2019-11-23_3/img_415.png,-0.099395751953125,0.061676025390625,1,0,0
samples/2019-11-23_3/img_416.png,-0.05902099609375,0.042205810546875,0,0,0
samples/2019-11-23_3/img_417.png,-0.05279541015625,0.03570556640625,0,0,0
samples/2019-11-23_3/img_418.png,-0.08074951171875,0.025970458984375,1,0,0
samples/2019-11-23_3/img_419.png,-0.0838623046875,0.029205322265625,1,0,0
samples/2019-11-23_3/img_420.png,-0.0838623046875,0.025970458984375,0,0,0
samples/2019-11-23_3/img_421.png,-0.0838623046875,0.029205322265625,1,0,0
samples/2019-11-23_3/img_422.png,-0.05902099609375,0.025970458984375,1,0,0
samples/2019-11-23_3/img_423.png,0.15216064453125,0.029205322265625,0,0,0
samples/2019-11-23_3/img_424.png,0.167694091796875,0.025970458984375,1,0,0
samples/2019-11-23_3/img_425.png,0.46893310546875,0.029205322265625,1,0,0
samples/2019-11-23_3/img_426.png,0.4720458984375,0.025970458984375,0,0,0
samples/2019-11-23_3/img_427.png,0.86334228515625,0.032440185546875,0,0,0
samples/2019-11-23_3/img_428.png,0.909912109375,0.03570556640625,0,0,0
samples/2019-11-23_3/img_429.png,0.999969482421875,0.0389404296875,0,0,0
samples/2019-11-23_3/img_430.png,0.999969482421875,0.0389404296875,0,0,0
samples/2019-11-23_3/img_431.png,0.999969482421875,0.03570556640625,0,0,0
samples/2019-11-23_3/img_432.png,0.658355712890625,0.029205322265625,1,0,0
samples/2019-11-23_3/img_433.png,-0.0279541015625,-0.019500732421875,0,0,0
samples/2019-11-23_3/img_434.png,-0.149078369140625,-0.019500732421875,1,0,0
samples/2019-11-23_3/img_435.png,0.996856689453125,0.110382080078125,1,0,0
samples/2019-11-23_3/img_436.png,0.999969482421875,0.1363525390625,0,0,0
samples/2019-11-23_3/img_437.png,0.999969482421875,0.1363525390625,0,0,0
samples/2019-11-23_3/img_438.png,0.999969482421875,0.133087158203125,1,0,0
samples/2019-11-23_3/img_439.png,0.999969482421875,0.1363525390625,1,0,0
samples/2019-11-23_3/img_440.png,0.999969482421875,0.1363525390625,1,0,0
samples/2019-11-23_3/img_441.png,0.999969482421875,0.133087158203125,1,0,0
samples/2019-11-23_3/img_442.png,0.999969482421875,0.133087158203125,0,0,0
samples/2019-11-23_3/img_443.png,0.999969482421875,0.133087158203125,0,0,0
samples/2019-11-23_3/img_444.png,0.999969482421875,0.133087158203125,0,0,0
samples/2019-11-23_3/img_445.png,0.558990478515625,0.129852294921875,0,0,0
samples/2019-11-23_3/img_446.png,0.49688720703125,0.129852294921875,1,0,0
samples/2019-11-23_3/img_447.png,0.999969482421875,0.152587890625,0,0,0
samples/2019-11-23_3/img_448.png,0.98443603515625,0.149322509765625,1,0,0
samples/2019-11-23_3/img_449.png,0.040374755859375,0.087646484375,1,0,0
samples/2019-11-23_3/img_450.png,-0.012420654296875,0.087646484375,0,0,0
samples/2019-11-23_3/img_451.png,-0.05279541015625,0.087646484375,1,0,0
samples/2019-11-23_3/img_452.png,-0.0496826171875,0.08441162109375,0,0,0
samples/2019-11-23_3/img_453.png,-0.040374755859375,0.081146240234375,0,0,0
samples/2019-11-23_3/img_454.png,-0.046600341796875,0.087646484375,1,0,0
samples/2019-11-23_3/img_455.png,-0.88818359375,0.087646484375,1,0,0
samples/2019-11-23_3/img_456.png,-0.984466552734375,0.08441162109375,1,0,0
samples/2019-11-23_3/img_457.png,-0.984466552734375,0.087646484375,0,0,0
samples/2019-11-23_3/img_458.png,-0.18011474609375,0.087646484375,0,0,0
samples/2019-11-23_3/img_459.png,-0.897491455078125,0.116851806640625,0,0,0
samples/2019-11-23_3/img_460.png,-0.897491455078125,0.113616943359375,1,0,0
samples/2019-11-23_3/img_461.png,-0.978240966796875,0.13958740234375,0,0,0
samples/2019-11-23_3/img_462.png,-0.978240966796875,0.149322509765625,1,0,0
samples/2019-11-23_3/img_463.png,-0.981353759765625,0.159088134765625,1,0,0
samples/2019-11-23_3/img_464.png,-0.431671142578125,0.15582275390625,1,0,0
samples/2019-11-23_3/img_465.png,-0.437896728515625,0.13958740234375,1,0,0
samples/2019-11-23_3/img_466.png,-0.9720458984375,0.13958740234375,0,0,0
samples/2019-11-23_3/img_467.png,-0.981353759765625,0.26947021484375,1,0,0
samples/2019-11-23_3/img_468.png,-0.978240966796875,0.27593994140625,0,0,0
samples/2019-11-23_3/img_469.png,-0.978240966796875,0.279205322265625,1,0,0
samples/2019-11-23_3/img_470.png,-0.981353759765625,0.279205322265625,0,0,0
samples/2019-11-23_3/img_471.png,-0.981353759765625,0.282440185546875,1,0,0
samples/2019-11-23_3/img_472.png,-0.981353759765625,0.279205322265625,0,0,0
samples/2019-11-23_3/img_473.png,-0.068328857421875,0.087646484375,1,0,0
samples/2019-11-23_3/img_474.png,-0.068328857421875,0.087646484375,0,0,0
samples/2019-11-23_3/img_475.png,0.05279541015625,0.08441162109375,1,0,0
samples/2019-11-23_3/img_476.png,0.0714111328125,0.087646484375,1,0,0
samples/2019-11-23_3/img_477.png,0.211181640625,0.08441162109375,1,0,0
samples/2019-11-23_3/img_478.png,0.720489501953125,0.087646484375,0,0,0
samples/2019-11-23_3/img_479.png,0.0714111328125,0.08441162109375,1,0,0
samples/2019-11-23_3/img_480.png,-0.0062255859375,0.087646484375,0,0,0
samples/2019-11-23_3/img_481.png,-0.385101318359375,0.087646484375,0,0,0
samples/2019-11-23_3/img_482.png,-0.4937744140625,0.087646484375,0,0,0
samples/2019-11-23_3/img_483.png,-0.11181640625,0.06817626953125,1,0,0
samples/2019-11-23_3/img_484.png,-0.11181640625,0.06817626953125,1,0,0
samples/2019-11-23_3/img_485.png,-0.11181640625,0.06817626953125,1,0,0
samples/2019-11-23_3/img_486.png,-0.11181640625,0.058441162109375,1,0,0
samples/2019-11-23_3/img_487.png,-0.248443603515625,0.058441162109375,1,0,0
samples/2019-11-23_3/img_488.png,-0.639739990234375,0.05194091796875,0,0,0
samples/2019-11-23_3/img_489.png,-0.1832275390625,0.097381591796875,0,0,0
samples/2019-11-23_3/img_490.png,-0.1832275390625,0.097381591796875,0,0,0
samples/2019-11-23_3/img_491.png,-0.984466552734375,0.1363525390625,0,0,0
samples/2019-11-23_3/img_492.png,-0.984466552734375,0.1363525390625,0,0,0
samples/2019-11-23_3/img_493.png,-0.984466552734375,0.13958740234375,1,0,0
samples/2019-11-23_3/img_494.png,-0.981353759765625,0.1363525390625,0,0,0
samples/2019-11-23_3/img_495.png,-0.10247802734375,0.064910888671875,1,0,0
samples/2019-11-23_3/img_496.png,-0.0341796875,0.064910888671875,0,0,0
samples/2019-11-23_3/img_497.png,0.999969482421875,0.07464599609375,1,0,0
samples/2019-11-23_3/img_498.png,0.999969482421875,0.077911376953125,0,0,0
samples/2019-11-23_3/img_499.png,-0.15838623046875,0.077911376953125,1,0,0
samples/2019-11-23_3/img_500.png,-0.167694091796875,0.07464599609375,1,0,0
samples/2019-11-23_3/img_501.png,-0.16461181640625,0.081146240234375,1,0,0
samples/2019-11-23_3/img_502.png,-0.16461181640625,0.081146240234375,1,0,0
samples/2019-11-23_3/img_503.png,-0.984466552734375,0.113616943359375,1,0,0
samples/2019-11-23_3/img_504.png,-0.981353759765625,0.126617431640625,0,0,0
samples/2019-11-23_3/img_505.png,-0.378875732421875,0.12335205078125,1,0,0
samples/2019-11-23_3/img_506.png,-0.378875732421875,0.126617431640625,0,0,0
samples/2019-11-23_3/img_507.png,-0.9720458984375,0.20452880859375,1,0,0
samples/2019-11-23_3/img_508.png,-0.9720458984375,0.20452880859375,1,0,0
samples/2019-11-23_3/img_509.png,-0.9720458984375,0.211029052734375,1,0,0
samples/2019-11-23_3/img_510.png,-0.9720458984375,0.211029052734375,1,0,0
samples/2019-11-23_3/img_511.png,-0.05279541015625,0.116851806640625,1,0,0
samples/2019-11-23_3/img_512.png,-0.05279541015625,0.116851806640625,1,0,0
samples/2019-11-23_3/img_513.png,0.068328857421875,0.113616943359375,1,0,0
samples/2019-11-23_3/img_514.png,0.07452392578125,0.113616943359375,0,0,0
samples/2019-11-23_3/img_515.png,-0.046600341796875,0.081146240234375,1,0,0
samples/2019-11-23_3/img_516.png,-0.043487548828125,0.081146240234375,0,0,0
samples/2019-11-23_3/img_517.png,-0.046600341796875,0.081146240234375,0,0,0
samples/2019-11-23_3/img_518.png,-0.043487548828125,0.077911376953125,1,0,0
samples/2019-11-23_3/img_519.png,-0.043487548828125,0.07464599609375,0,0,0
samples/2019-11-23_3/img_520.png,-0.018646240234375,0.07464599609375,1,0,0
samples/2019-11-23_3/img_521.png,0.409912109375,0.0714111328125,0,0,0
samples/2019-11-23_3/img_522.png,0.810546875,0.06817626953125,1,0,0
samples/2019-11-23_3/img_523.png,-0.0062255859375,0.0714111328125,0,0,0
samples/2019-11-23_3/img_524.png,-0.0341796875,0.0714111328125,0,0,0
samples/2019-11-23_3/img_525.png,-0.086944580078125,0.07464599609375,0,0,0
samples/2019-11-23_3/img_526.png,-0.086944580078125,0.07464599609375,0,0,0
samples/2019-11-23_3/img_527.png,0.667694091796875,0.0714111328125,0,0,0
samples/2019-11-23_3/img_528.png,0.714263916015625,0.0714111328125,0,0,0
samples/2019-11-23_3/img_529.png,0.8602294921875,0.06817626953125,0,0,0
samples/2019-11-23_3/img_530.png,0.8602294921875,0.06817626953125,0,0,0
samples/2019-11-23_3/img_531.png,0.1273193359375,0.06817626953125,1,0,0
samples/2019-11-23_3/img_532.png,0.121124267578125,0.06817626953125,0,0,0
samples/2019-11-23_3/img_533.png,0.82916259765625,0.07464599609375,0,0,0
samples/2019-11-23_3/img_534.png,0.85400390625,0.07464599609375,0,0,0
samples/2019-11-23_3/img_535.png,0.8602294921875,0.07464599609375,0,0,0
samples/2019-11-23_3/img_536.png,0.8602294921875,0.07464599609375,1,0,0
samples/2019-11-23_3/img_537.png,0.999969482421875,0.09088134765625,1,0,0
samples/2019-11-23_3/img_538.png,0.999969482421875,0.09088134765625,1,0,0
samples/2019-11-23_3/img_539.png,0.999969482421875,0.08441162109375,0,0,0
samples/2019-11-23_3/img_540.png,0.999969482421875,0.08441162109375,0,0,0
samples/2019-11-23_3/img_541.png,0.999969482421875,0.087646484375,0,0,0
samples/2019-11-23_3/img_542.png,0.999969482421875,0.087646484375,1,0,0
samples/2019-11-23_3/img_543.png,0.999969482421875,0.087646484375,0,0,0
samples/2019-11-23_3/img_544.png,0.999969482421875,0.087646484375,1,0,0
samples/2019-11-23_3/img_545.png,0.51861572265625,-0.022735595703125,0,0,0
samples/2019-11-23_3/img_546.png,0.431671142578125,-0.0487060546875,1,0,0
samples/2019-11-23_3/img_547.png,0.22979736328125,-0.051971435546875,0,0,0
samples/2019-11-23_3/img_548.png,0.22979736328125,-0.051971435546875,0,0,0
samples/2019-11-23_3/img_549.png,0.999969482421875,0.12335205078125,0,0,0
samples/2019-11-23_3/img_550.png,0.999969482421875,0.12335205078125,0,0,0
samples/2019-11-23_3/img_551.png,0.999969482421875,0.12335205078125,0,0,0
samples/2019-11-23_3/img_552.png,0.999969482421875,0.12335205078125,1,0,0
samples/2019-11-23_3/img_553.png,0.999969482421875,0.1201171875,0,0,0
samples/2019-11-23_3/img_554.png,0.999969482421875,0.1201171875,1,0,0
samples/2019-11-23_3/img_555.png,0.164581298828125,0.061676025390625,0,0,0
samples/2019-11-23_3/img_556.png,0.164581298828125,0.061676025390625,0,0,0
samples/2019-11-23_3/img_557.png,0.46893310546875,0.064910888671875,1,0,0
samples/2019-11-23_3/img_558.png,0.7825927734375,0.06817626953125,0,0,0
samples/2019-11-23_3/img_559.png,0.13043212890625,0.064910888671875,0,0,0
samples/2019-11-23_3/img_560.png,-0.0341796875,0.06817626953125,1,0,0
samples/2019-11-23_3/img_561.png,-0.05279541015625,0.06817626953125,0,0,0
samples/2019-11-23_3/img_562.png,-0.10247802734375,0.081146240234375,1,0,0
samples/2019-11-23_3/img_563.png,-0.810546875,0.162322998046875,0,0,0
samples/2019-11-23_3/img_564.png,-0.639739990234375,0.159088134765625,1,0,0
samples/2019-11-23_3/img_565.png,-0.18634033203125,0.142852783203125,1,0,0
samples/2019-11-23_3/img_566.png,-0.16461181640625,0.116851806640625,0,0,0
samples/2019-11-23_3/img_567.png,0.006195068359375,0.064910888671875,0,0,0
samples/2019-11-23_3/img_568.png,0.02484130859375,0.064910888671875,0,0,0
samples/2019-11-23_3/img_569.png,0.742218017578125,0.06817626953125,1,0,0
samples/2019-11-23_3/img_570.png,0.760833740234375,0.0714111328125,0,0,0
samples/2019-11-23_3/img_571.png,-0.11181640625,0.0714111328125,0,0,0
samples/2019-11-23_3/img_572.png,-0.173919677734375,0.0714111328125,0,0,0
samples/2019-11-23_3/img_573.png,-0.57452392578125,0.178558349609375,0,0,0
samples/2019-11-23_3/img_574.png,-0.57452392578125,0.178558349609375,0,0,0
samples/2019-11-23_3/img_575.png,-0.57452392578125,0.159088134765625,0,0,0
samples/2019-11-23_3/img_576.png,-0.57452392578125,0.159088134765625,1,0,0
samples/2019-11-23_3/img_577.png,-0.987548828125,0.159088134765625,0,0,0
samples/2019-11-23_3/img_578.png,-0.431671142578125,0.159088134765625,1,0,0
samples/2019-11-23_3/img_579.png,-0.223602294921875,0.152587890625,0,0,0
samples/2019-11-23_3/img_580.png,-0.223602294921875,0.149322509765625,1,0,0
samples/2019-11-23_3/img_581.png,-0.984466552734375,0.149322509765625,0,0,0
samples/2019-11-23_3/img_582.png,-0.984466552734375,0.15582275390625,1,0,0
samples/2019-11-23_3/img_583.png,-0.984466552734375,0.15582275390625,0,0,0
samples/2019-11-23_3/img_584.png,-0.906829833984375,0.12335205078125,1,0,0
samples/2019-11-23_3/img_585.png,-0.254669189453125,0.1201171875,1,0,0
samples/2019-11-23_3/img_586.png,-0.170806884765625,0.1201171875,0,0,0
samples/2019-11-23_3/img_587.png,-0.139739990234375,0.081146240234375,1,0,0
samples/2019-11-23_3/img_588.png,-0.139739990234375,0.081146240234375,1,0,0
samples/2019-11-23_3/img_589.png,-0.139739990234375,0.077911376953125,0,0,0
samples/2019-11-23_3/img_590.png,-0.114898681640625,0.06817626953125,1,0,0
samples/2019-11-23_3/img_591.png,-0.0496826171875,0.058441162109375,0,0,0
samples/2019-11-23_3/img_592.png,-0.05279541015625,0.058441162109375,1,0,0
samples/2019-11-23_3/img_593.png,-0.05279541015625,0.061676025390625,0,0,0
samples/2019-11-23_3/img_594.png,-0.03106689453125,0.064910888671875,1,0,0
samples/2019-11-23_3/img_595.png,0.009307861328125,0.064910888671875,1,0,0
samples/2019-11-23_3/img_596.png,0.012420654296875,0.061676025390625,0,0,0
samples/2019-11-23_3/img_597.png,0.012420654296875,0.061676025390625,0,0,0
samples/2019-11-23_3/img_598.png,0.009307861328125,0.061676025390625,0,0,0
samples/2019-11-23_3/img_599.png,0.562103271484375,0.058441162109375,0,0,0
samples/2019-11-23_3/img_600.png,0.75152587890625,0.05517578125,1,0,0
samples/2019-11-23_3/img_601.png,0.75775146484375,0.05517578125,1,0,0
samples/2019-11-23_3/img_602.png,0.75775146484375,0.058441162109375,0,0,0
samples/2019-11-23_3/img_603.png,0.409912109375,0.058441162109375,0,0,0
samples/2019-11-23_3/img_604.png,0.409912109375,0.058441162109375,0,0,0
samples/2019-11-23_3/img_605.png,0.558990478515625,0.058441162109375,1,0,0
samples/2019-11-23_3/img_606.png,0.145965576171875,0.05517578125,1,0,0
samples/2019-11-23_3/img_607.png,0.136627197265625,0.058441162109375,1,0,0
samples/2019-11-23_3/img_608.png,0.136627197265625,0.05517578125,0,0,0
samples/2019-11-23_3/img_609.png,0.136627197265625,0.058441162109375,0,0,0
samples/2019-11-23_3/img_610.png,0.136627197265625,0.05517578125,1,0,0
samples/2019-11-23_3/img_611.png,0.136627197265625,0.05517578125,1,0,0
samples/2019-11-23_3/img_612.png,0.108673095703125,0.058441162109375,0,0,0
samples/2019-11-23_3/img_613.png,0.062103271484375,0.05517578125,0,0,0
samples/2019-11-23_3/img_614.png,0.062103271484375,0.05517578125,1,0,0
samples/2019-11-23_3/img_615.png,0.04656982421875,0.05517578125,1,0,0
samples/2019-11-23_3/img_616.png,0.043487548828125,0.05517578125,0,0,0
samples/2019-11-23_3/img_617.png,0.043487548828125,0.05517578125,0,0,0
samples/2019-11-23_3/img_618.png,0.043487548828125,0.05517578125,0,0,0
samples/2019-11-23_3/img_619.png,-0.093170166015625,0.058441162109375,0,0,0
samples/2019-11-23_3/img_620.png,-0.096282958984375,0.058441162109375,1,0,0
samples/2019-11-23_3/img_621.png,-0.096282958984375,0.058441162109375,1,0,0
samples/2019-11-23_3/img_622.png,-0.096282958984375,0.05517578125,0,0,0
samples/2019-11-23_3/img_623.png,-0.515533447265625,0.06817626953125,0,0,0
samples/2019-11-23_3/img_624.png,-0.586944580078125,0.06817626953125,0,0,0
samples/2019-11-23_3/img_625.png,-0.093170166015625,0.061676025390625,0,0,0
samples/2019-11-23_3/img_626.png,0.012420654296875,0.064910888671875,1,0,0
samples/2019-11-23_3/img_627.png,0.040374755859375,0.064910888671875,1,0,0
samples/2019-11-23_3/img_628.png,0.037261962890625,0.064910888671875,1,0,0
samples/2019-11-23_3/img_629.png,-0.021728515625,0.058441162109375,1,0,0
samples/2019-11-23_3/img_630.png,-0.021728515625,0.058441162109375,0,0,0
samples/2019-11-23_3/img_631.png,0.397491455078125,0.058441162109375,1,0,0
samples/2019-11-23_3/img_632.png,0.77947998046875,0.058441162109375,1,0,0
samples/2019-11-23_3/img_633.png,0.909912109375,0.05517578125,1,0,0
samples/2019-11-23_3/img_634.png,0.91302490234375,0.058441162109375,0,0,0
samples/2019-11-23_3/img_635.png,0.136627197265625,0.032440185546875,1,0,0
samples/2019-11-23_3/img_636.png,0.270172119140625,0.032440185546875,1,0,0
samples/2019-11-23_3/img_637.png,0.558990478515625,0.03570556640625,0,0,0
samples/2019-11-23_3/img_638.png,0.88818359375,0.0389404296875,0,0,0
samples/2019-11-23_3/img_639.png,0.999969482421875,0.06817626953125,0,0,0
samples/2019-11-23_3/img_640.png,0.999969482421875,0.06817626953125,0,0,0
samples/2019-11-23_3/img_641.png,0.999969482421875,0.06817626953125,0,0,0
samples/2019-11-23_3/img_642.png,0.999969482421875,0.06817626953125,0,0,0
samples/2019-11-23_3/img_643.png,0.999969482421875,0.06817626953125,0,0,0
samples/2019-11-23_3/img_644.png,0.999969482421875,0.0714111328125,1,0,0
samples/2019-11-23_3/img_645.png,0.999969482421875,0.0714111328125,1,0,0
samples/2019-11-23_3/img_646.png,0.922332763671875,0.06817626953125,1,0,0
samples/2019-11-23_3/img_647.png,0.220489501953125,0.01947021484375,1,0,0
samples/2019-11-23_3/img_648.png,0.214263916015625,0.01947021484375,0,0,0
samples/2019-11-23_3/img_649.png,0.999969482421875,0.1038818359375,1,0,0
samples/2019-11-23_3/img_650.png,0.999969482421875,0.113616943359375,0,0,0
samples/2019-11-23_3/img_651.png,0.999969482421875,0.113616943359375,1,0,0
samples/2019-11-23_3/img_652.png,0.999969482421875,0.113616943359375,1,0,0
samples/2019-11-23_3/img_653.png,0.537261962890625,0.110382080078125,1,0,0
samples/2019-11-23_3/img_654.png,0.223602294921875,0.10711669921875,0,0,0
samples/2019-11-23_3/img_655.png,0.177001953125,0.10711669921875,0,0,0
samples/2019-11-23_3/img_656.png,0.177001953125,0.110382080078125,1,0,0
samples/2019-11-23_3/img_657.png,-0.012420654296875,0.0714111328125,0,0,0
samples/2019-11-23_3/img_658.png,-0.012420654296875,0.06817626953125,1,0,0
samples/2019-11-23_3/img_659.png,0.10247802734375,0.06817626953125,0,0,0
samples/2019-11-23_3/img_660.png,0.1832275390625,0.06817626953125,1,0,0
samples/2019-11-23_3/img_661.png,0.999969482421875,0.13958740234375,0,0,0
samples/2019-11-23_3/img_662.png,0.999969482421875,0.13958740234375,0,0,0
samples/2019-11-23_3/img_663.png,0.114898681640625,0.0714111328125,1,0,0
samples/2019-11-23_3/img_664.png,0.177001953125,0.0714111328125,0,0,0
samples/2019-11-23_3/img_665.png,0.999969482421875,0.159088134765625,0,0,0
samples/2019-11-23_3/img_666.png,0.999969482421875,0.159088134765625,0,0,0
samples/2019-11-23_3/img_667.png,0.999969482421875,0.162322998046875,0,0,0
samples/2019-11-23_3/img_668.png,0.999969482421875,0.162322998046875,1,0,0
samples/2019-11-23_3/img_669.png,0.999969482421875,0.162322998046875,1,0,0
samples/2019-11-23_3/img_670.png,0.999969482421875,0.162322998046875,1,0,0
samples/2019-11-23_3/img_671.png,0.999969482421875,0.162322998046875,1,0,0
samples/2019-11-23_3/img_672.png,0.999969482421875,0.162322998046875,0,0,0
samples/2019-11-23_3/img_673.png,0.999969482421875,0.162322998046875,1,0,0
samples/2019-11-23_3/img_674.png,0.142852783203125,0.10711669921875,1,0,0
samples/2019-11-23_3/img_675.png,0.139739990234375,0.110382080078125,0,0,0
samples/2019-11-23_3/img_676.png,0.133544921875,0.10711669921875,1,0,0
samples/2019-11-23_3/img_677.png,0.037261962890625,0.08441162109375,0,0,0
samples/2019-11-23_3/img_678.png,0.040374755859375,0.081146240234375,1,0,0
samples/2019-11-23_3/img_679.png,0.121124267578125,0.08441162109375,0,0,0
samples/2019-11-23_3/img_680.png,0.8602294921875,0.10711669921875,1,0,0
samples/2019-11-23_3/img_681.png,0.15216064453125,0.09088134765625,0,0,0
samples/2019-11-23_3/img_682.png,0.04656982421875,0.09088134765625,0,0,0
samples/2019-11-23_3/img_683.png,-0.15838623046875,0.113616943359375,0,0,0
samples/2019-11-23_3/img_684.png,-0.406829833984375,0.142852783203125,0,0,0
samples/2019-11-23_3/img_685.png,-0.8385009765625,0.09088134765625,0,0,0
samples/2019-11-23_3/img_686.png,-0.866455078125,0.094146728515625,0,0,0
samples/2019-11-23_3/img_687.png,-0.2049560546875,0.097381591796875,0,0,0
samples/2019-11-23_3/img_688.png,-0.2049560546875,0.097381591796875,0,0,0
samples/2019-11-23_3/img_689.png,-0.984466552734375,0.10711669921875,0,0,0
samples/2019-11-23_3/img_690.png,-0.984466552734375,0.10711669921875,0,0,0
samples/2019-11-23_3/img_691.png,-0.987548828125,0.194793701171875,0,0,0
samples/2019-11-23_3/img_692.png,-0.984466552734375,0.18505859375,1,0,0
samples/2019-11-23_3/img_693.png,-0.984466552734375,0.1915283203125,0,0,0
samples/2019-11-23_3/img_694.png,-0.987548828125,0.18829345703125,1,0,0
samples/2019-11-23_3/img_695.png,-0.555908203125,0.181793212890625,0,0,0
samples/2019-11-23_3/img_696.png,-0.220489501953125,0.15582275390625,1,0,0
samples/2019-11-23_3/img_697.png,0.015533447265625,0.061676025390625,0,0,0
samples/2019-11-23_3/img_698.png,0.043487548828125,0.061676025390625,0,0,0
samples/2019-11-23_3/img_699.png,-0.2049560546875,0.064910888671875,0,0,0
samples/2019-11-23_3/img_700.png,-0.96893310546875,-0.0487060546875,0,0,0
samples/2019-11-23_3/img_701.png,-0.810546875,0.05517578125,1,0,0
samples/2019-11-23_3/img_702.png,-0.555908203125,0.07464599609375,1,0,0
samples/2019-11-23_3/img_703.png,0.034149169921875,0.07464599609375,0,0,0
samples/2019-11-23_3/img_704.png,0.034149169921875,0.0714111328125,1,0,0
samples/2019-11-23_3/img_705.png,-0.987548828125,0.129852294921875,1,0,0
samples/2019-11-23_3/img_706.png,-0.984466552734375,0.129852294921875,1,0,0
samples/2019-11-23_3/img_707.png,-0.987548828125,0.133087158203125,1,0,0
samples/2019-11-23_3/img_708.png,-0.96893310546875,0.1363525390625,1,0,0
samples/2019-11-23_3/img_709.png,-0.869537353515625,0.15582275390625,1,0,0
samples/2019-11-23_3/img_710.png,-0.1614990234375,0.113616943359375,0,0,0
samples/2019-11-23_3/img_711.png,0.5496826171875,0.058441162109375,1,0,0
samples/2019-11-23_3/img_712.png,0.925445556640625,0.058441162109375,1,0,0
samples/2019-11-23_3/img_713.png,0.658355712890625,0.05517578125,1,0,0
samples/2019-11-23_3/img_714.png,0.428558349609375,0.05517578125,1,0,0
samples/2019-11-23_3/img_715.png,-0.15838623046875,0.058441162109375,1,0,0
samples/2019-11-23_3/img_716.png,-0.167694091796875,0.061676025390625,1,0,0
samples/2019-11-23_3/img_717.png,-0.987548828125,0.06817626953125,1,0,0
samples/2019-11-23_3/img_718.png,-0.987548828125,0.06817626953125,1,0,0
samples/2019-11-23_3/img_719.png,-0.195648193359375,0.110382080078125,0,0,0
samples/2019-11-23_3/img_720.png,-0.18634033203125,0.09088134765625,1,0,0
samples/2019-11-23_3/img_721.png,-0.18634033203125,0.09088134765625,1,0,0
samples/2019-11-23_3/img_722.png,-0.41925048828125,0.08441162109375,1,0,0
samples/2019-11-23_3/img_723.png,-0.670806884765625,0.077911376953125,1,0,0
samples/2019-11-23_3/img_724.png,-0.3385009765625,0.06817626953125,1,0,0
samples/2019-11-23_3/img_725.png,-0.167694091796875,0.06817626953125,1,0,0
samples/2019-11-23_3/img_726.png,-0.167694091796875,0.06817626953125,1,0,0
samples/2019-11-23_3/img_727.png,-0.987548828125,0.0714111328125,1,0,0
samples/2019-11-23_3/img_728.png,-0.2049560546875,0.081146240234375,1,0,0
samples/2019-11-23_3/img_729.png,0.46893310546875,0.0714111328125,1,0,0
samples/2019-11-23_3/img_730.png,0.754638671875,0.0714111328125,1,0,0
samples/2019-11-23_3/img_731.png,0.086944580078125,0.07464599609375,1,0,0
samples/2019-11-23_3/img_732.png,0.0496826171875,0.07464599609375,1,0,0
samples/2019-11-23_3/img_733.png,0.133544921875,0.0714111328125,1,0,0
samples/2019-11-23_3/img_734.png,0.922332763671875,0.0714111328125,1,0,0
samples/2019-11-23_3/img_735.png,0.108673095703125,0.077911376953125,1,0,0
samples/2019-11-23_3/img_736.png,0.108673095703125,0.077911376953125,1,0,0
samples/2019-11-23_3/img_737.png,-0.0279541015625,0.07464599609375,1,0,0
samples/2019-11-23_3/img_738.png,-0.0279541015625,0.07464599609375,1,0,0
samples/2019-11-23_3/img_739.png,-0.0279541015625,0.07464599609375,1,0,0
samples/2019-11-23_3/img_740.png,-0.0279541015625,0.07464599609375,1,0,0
samples/2019-11-23_3/img_741.png,-0.434783935546875,0.07464599609375,1,0,0
samples/2019-11-23_3/img_742.png,-0.906829833984375,0.064910888671875,1,0,0
samples/2019-11-23_3/img_743.png,-0.02484130859375,0.01947021484375,1,0,0
samples/2019-11-23_3/img_744.png,0.22979736328125,0.01947021484375,1,0,0
samples/2019-11-23_3/img_745.png,0.1273193359375,0.01947021484375,1,0,0
samples/2019-11-23_3/img_746.png,0.108673095703125,0.01947021484375,1,0,0
samples/2019-11-23_3/img_747.png,0.012420654296875,0.01947021484375,1,0,0
samples/2019-11-23_3/img_748.png,-0.021728515625,0.01947021484375,1,0,0
samples/2019-11-23_3/img_749.png,0.999969482421875,0.12335205078125,1,0,0
samples/2019-11-23_3/img_750.png,0.043487548828125,0.0714111328125,1,0,0
samples/2019-11-23_3/img_751.png,0.999969482421875,0.1038818359375,0,0,0
samples/2019-11-23_3/img_752.png,0.999969482421875,0.1038818359375,0,0,0
samples/2019-11-23_3/img_753.png,0.999969482421875,0.1038818359375,0,0,0
samples/2019-11-23_3/img_754.png,0.999969482421875,0.1038818359375,1,0,0
samples/2019-11-23_3/img_755.png,0.043487548828125,0.042205810546875,0,0,0
samples/2019-11-23_3/img_756.png,0.142852783203125,0.0389404296875,0,0,0
samples/2019-11-23_3/img_757.png,0.999969482421875,0.07464599609375,0,0,0
samples/2019-11-23_3/img_758.png,0.999969482421875,0.07464599609375,0,0,0
samples/2019-11-23_3/img_759.png,0.999969482421875,0.07464599609375,1,0,0
samples/2019-11-23_3/img_760.png,0.999969482421875,0.077911376953125,0,0,0
samples/2019-11-23_3/img_761.png,0.999969482421875,0.077911376953125,1,0,0
samples/2019-11-23_3/img_762.png,0.661468505859375,0.07464599609375,1,0,0
samples/2019-11-23_3/img_763.png,-0.0341796875,0.048675537109375,1,0,0
samples/2019-11-23_3/img_764.png,-0.043487548828125,0.05517578125,1,0,0
samples/2019-11-23_3/img_765.png,0.763946533203125,0.05194091796875,1,0,0
samples/2019-11-23_3/img_766.png,0.999969482421875,0.13958740234375,1,0,0
samples/2019-11-23_3/img_767.png,0.012420654296875,0.06817626953125,1,0,0
samples/2019-11-23_3/img_768.png,-0.046600341796875,0.064910888671875,1,0,0
samples/2019-11-23_3/img_769.png,-0.661468505859375,0.077911376953125,1,0,0
samples/2019-11-23_3/img_770.png,-0.2049560546875,0.081146240234375,1,0,0
samples/2019-11-23_3/img_771.png,-0.2049560546875,0.081146240234375,1,0,0
samples/2019-11-23_3/img_772.png,-0.51861572265625,0.081146240234375,1,0,0
samples/2019-11-23_3/img_773.png,-0.192535400390625,0.1363525390625,1,0,0
samples/2019-11-23_3/img_774.png,-0.1614990234375,0.1363525390625,1,0,0
samples/2019-11-23_3/img_775.png,0.0496826171875,0.1363525390625,1,0,0
samples/2019-11-23_3/img_776.png,0.161468505859375,0.133087158203125,1,0,0
samples/2019-11-23_3/img_777.png,-0.046600341796875,0.1201171875,1,0,0
samples/2019-11-23_3/img_778.png,-0.055908203125,0.1201171875,1,0,0
samples/2019-11-23_3/img_779.png,-0.065216064453125,0.1201171875,1,0,0
samples/2019-11-23_3/img_780.png,-0.065216064453125,0.1201171875,1,0,0
samples/2019-11-23_3/img_781.png,-0.065216064453125,0.1201171875,1,0,0
samples/2019-11-23_3/img_782.png,-0.065216064453125,0.1201171875,1,0,0
samples/2019-11-23_3/img_783.png,-0.065216064453125,0.1201171875,1,0,0
samples/2019-11-23_3/img_784.png,-0.065216064453125,0.1201171875,1,0,0
samples/2019-11-23_3/img_785.png,-0.065216064453125,0.1201171875,1,0,0
samples/2019-11-23_3/img_786.png,-0.046600341796875,0.116851806640625,1,0,0
samples/2019-11-23_3/img_787.png,0.043487548828125,0.07464599609375,1,0,0
samples/2019-11-23_3/img_788.png,0.068328857421875,0.07464599609375,1,0,0
samples/2019-11-23_3/img_789.png,0.350921630859375,0.0714111328125,0,0,0
samples/2019-11-23_3/img_790.png,0.742218017578125,0.07464599609375,0,0,0
samples/2019-11-23_3/img_791.png,0.819854736328125,0.07464599609375,0,0,0
samples/2019-11-23_3/img_792.png,0.214263916015625,0.0714111328125,0,0,0
samples/2019-11-23_3/img_793.png,0.139739990234375,0.06817626953125,1,0,0
samples/2019-11-23_3/img_794.png,0.139739990234375,0.06817626953125,1,0,0
samples/2019-11-23_3/img_795.png,0.999969482421875,0.08441162109375,0,0,0
samples/2019-11-23_3/img_796.png,0.999969482421875,0.08441162109375,0,0,0
samples/2019-11-23_3/img_797.png,0.999969482421875,0.08441162109375,0,0,0
samples/2019-11-23_3/img_798.png,0.999969482421875,0.08441162109375,0,0,0
samples/2019-11-23_3/img_799.png,0.999969482421875,0.087646484375,0,0,0
samples/2019-11-23_3/img_800.png,0.999969482421875,0.087646484375,0,0,0
samples/2019-11-23_3/img_801.png,0.999969482421875,0.087646484375,0,0,0
samples/2019-11-23_3/img_802.png,0.999969482421875,0.08441162109375,1,0,0
samples/2019-11-23_3/img_803.png,0.15216064453125,0.08441162109375,1,0,0
samples/2019-11-23_3/img_804.png,0.0496826171875,0.08441162109375,1,0,0
samples/2019-11-23_3/img_805.png,-0.54345703125,0.13958740234375,1,0,0
samples/2019-11-23_3/img_806.png,-0.54345703125,0.13958740234375,1,0,0
samples/2019-11-23_3/img_807.png,-0.18011474609375,0.1363525390625,1,0,0
samples/2019-11-23_3/img_808.png,-0.695648193359375,0.142852783203125,1,0,0
samples/2019-11-23_3/img_809.png,-0.201873779296875,0.13958740234375,1,0,0
samples/2019-11-23_3/img_810.png,-0.1832275390625,0.13958740234375,1,0,0
samples/2019-11-23_3/img_811.png,-0.13665771484375,0.10711669921875,1,0,0
samples/2019-11-23_3/img_812.png,-0.124237060546875,0.087646484375,1,0,0
samples/2019-11-23_3/img_813.png,-0.124237060546875,0.087646484375,1,0,0
samples/2019-11-23_3/img_814.png,0.037261962890625,0.087646484375,1,0,0
samples/2019-11-23_3/img_815.png,0.170806884765625,0.087646484375,1,0,0
samples/2019-11-23_3/img_816.png,0.558990478515625,0.087646484375,1,0,0
samples/2019-11-23_3/img_817.png,0.69873046875,0.087646484375,0,0,0
samples/2019-11-23_3/img_818.png,0.69873046875,0.087646484375,0,0,0
samples/2019-11-23_3/img_819.png,0.7049560546875,0.08441162109375,0,0,0
samples/2019-11-23_3/img_820.png,0.773284912109375,0.087646484375,0,0,0
samples/2019-11-23_3/img_821.png,0.999969482421875,0.094146728515625,0,0,0
samples/2019-11-23_3/img_822.png,0.999969482421875,0.094146728515625,0,0,0
samples/2019-11-23_3/img_823.png,0.1055908203125,-0.006500244140625,0,0,0
samples/2019-11-23_3/img_824.png,-0.043487548828125,-0.006500244140625,0,0,0
samples/2019-11-23_3/img_825.png,-0.0496826171875,0.009735107421875,1,0,0
samples/2019-11-23_3/img_826.png,0.301239013671875,0.009735107421875,1,0,0
samples/2019-11-23_3/img_827.png,0.999969482421875,0.0714111328125,1,0,0
samples/2019-11-23_3/img_828.png,0.999969482421875,0.07464599609375,0,0,0
samples/2019-11-23_3/img_829.png,0.999969482421875,0.0714111328125,1,0,0
samples/2019-11-23_3/img_830.png,0.981353759765625,0.0714111328125,0,0,0
samples/2019-11-23_3/img_831.png,0.981353759765625,0.06817626953125,0,0,0
samples/2019-11-23_3/img_832.png,0.999969482421875,0.0714111328125,1,0,0
samples/2019-11-23_3/img_833.png,0.999969482421875,0.0714111328125,0,0,0
samples/2019-11-23_3/img_834.png,0.8602294921875,0.06817626953125,1,0,0
samples/2019-11-23_3/img_835.png,-0.043487548828125,-0.003265380859375,1,0,0
samples/2019-11-23_3/img_836.png,0.531036376953125,0.03570556640625,1,0,0
samples/2019-11-23_3/img_837.png,0.999969482421875,0.142852783203125,1,0,0
samples/2019-11-23_3/img_838.png,0.999969482421875,0.142852783203125,1,0,0
samples/2019-11-23_3/img_839.png,0.999969482421875,0.13958740234375,1,0,0
samples/2019-11-23_3/img_840.png,0.999969482421875,0.13958740234375,1,0,0
samples/2019-11-23_3/img_841.png,0.999969482421875,0.13958740234375,0,0,0
samples/2019-11-23_3/img_842.png,0.999969482421875,0.13958740234375,0,0,0
samples/2019-11-23_3/img_843.png,-0.322967529296875,0.1363525390625,1,0,0
samples/2019-11-23_3/img_844.png,-0.987548828125,0.133087158203125,0,0,0
samples/2019-11-23_3/img_845.png,-0.167694091796875,0.1363525390625,0,0,0
samples/2019-11-23_3/img_846.png,-0.16461181640625,0.126617431640625,0,0,0
samples/2019-11-23_3/img_847.png,-0.984466552734375,0.2239990234375,1,0,0
samples/2019-11-23_3/img_848.png,-0.984466552734375,0.272705078125,0,0,0
samples/2019-11-23_3/img_849.png,-0.984466552734375,0.331146240234375,0,0,0
samples/2019-11-23_3/img_850.png,-0.981353759765625,0.34088134765625,0,0,0
samples/2019-11-23_3/img_851.png,-0.981353759765625,0.34088134765625,0,0,0
samples/2019-11-23_3/img_852.png,-0.981353759765625,0.34088134765625,0,0,0
samples/2019-11-23_3/img_853.png,-0.981353759765625,0.34088134765625,1,0,0
samples/2019-11-23_3/img_854.png,-0.981353759765625,0.34088134765625,1,0,0
samples/2019-11-23_3/img_855.png,-0.981353759765625,0.337646484375,0,0,0
samples/2019-11-23_3/img_856.png,-0.748443603515625,0.2239990234375,1,0,0
samples/2019-11-23_3/img_857.png,-0.142852783203125,0.126617431640625,1,0,0
samples/2019-11-23_3/img_858.png,-0.145965576171875,0.126617431640625,0,0,0
samples/2019-11-23_3/img_859.png,-0.984466552734375,0.181793212890625,1,0,0
samples/2019-11-23_3/img_860.png,-0.981353759765625,0.233734130859375,1,0,0
samples/2019-11-23_3/img_861.png,-0.88818359375,0.2239990234375,1,0,0
samples/2019-11-23_3/img_862.png,-0.385101318359375,0.2239990234375,1,0,0
samples/2019-11-23_3/img_863.png,0.031036376953125,0.077911376953125,1,0,0
samples/2019-11-23_3/img_864.png,0.167694091796875,0.081146240234375,1,0,0
samples/2019-11-23_3/img_865.png,0.118011474609375,0.064910888671875,1,0,0
samples/2019-11-23_3/img_866.png,0.021728515625,0.061676025390625,1,0,0
samples/2019-11-23_3/img_867.png,0.021728515625,0.061676025390625,1,0,0
samples/2019-11-23_3/img_868.png,0.021728515625,0.061676025390625,1,0,0
samples/2019-11-23_3/img_869.png,0.021728515625,0.061676025390625,1,0,0
samples/2019-11-23_3/img_870.png,0.021728515625,0.061676025390625,1,0,0
samples/2019-11-23_3/img_871.png,0.031036376953125,0.061676025390625,1,0,0
samples/2019-11-23_3/img_872.png,0.031036376953125,0.061676025390625,1,0,0
samples/2019-11-23_3/img_873.png,-0.0062255859375,0.061676025390625,1,0,0
samples/2019-11-23_3/img_874.png,-0.456512451171875,0.149322509765625,1,0,0
samples/2019-11-23_3/img_875.png,-0.223602294921875,0.13958740234375,1,0,0
samples/2019-11-23_3/img_876.png,-0.1552734375,0.094146728515625,1,0,0
samples/2019-11-23_3/img_877.png,-0.13665771484375,0.064910888671875,0,0,0
samples/2019-11-23_3/img_878.png,-0.847808837890625,0.06817626953125,0,0,0
samples/2019-11-23_3/img_879.png,-0.987548828125,0.194793701171875,0,0,0
samples/2019-11-23_3/img_880.png,-0.987548828125,0.227264404296875,0,0,0
samples/2019-11-23_3/img_881.png,-0.437896728515625,0.1363525390625,0,0,0
samples/2019-11-23_3/img_882.png,-0.31988525390625,0.133087158203125,0,0,0
samples/2019-11-23_3/img_883.png,-0.437896728515625,0.13958740234375,1,0,0
samples/2019-11-23_3/img_884.png,-0.015533447265625,0.042205810546875,1,0,0
samples/2019-11-23_3/img_885.png,0.512420654296875,0.0389404296875,0,0,0
samples/2019-11-23_3/img_886.png,0.583831787109375,0.042205810546875,1,0,0
samples/2019-11-23_3/img_887.png,0.040374755859375,0.0064697265625,0,0,0
samples/2019-11-23_3/img_888.png,-0.15838623046875,0.081146240234375,1,0,0
samples/2019-11-23_3/img_889.png,-0.9658203125,0.1363525390625,0,0,0
samples/2019-11-23_3/img_890.png,-0.987548828125,0.1363525390625,1,0,0
samples/2019-11-23_3/img_891.png,-0.987548828125,0.142852783203125,0,0,0
samples/2019-11-23_3/img_892.png,-0.18011474609375,0.13958740234375,0,0,0
samples/2019-11-23_3/img_893.png,0.037261962890625,0.064910888671875,1,0,0
samples/2019-11-23_3/img_894.png,0.015533447265625,0.06817626953125,1,0,0
samples/2019-11-23_3/img_895.png,-0.984466552734375,0.13958740234375,1,0,0
samples/2019-11-23_3/img_896.png,-0.984466552734375,0.13958740234375,1,0,0
samples/2019-11-23_3/img_897.png,-0.822967529296875,0.13958740234375,1,0,0
samples/2019-11-23_3/img_898.png,-0.198760986328125,0.126617431640625,1,0,0
samples/2019-11-23_3/img_899.png,-0.121124267578125,0.0714111328125,0,0,0
samples/2019-11-23_3/img_900.png,-0.124237060546875,0.06817626953125,1,0,0
samples/2019-11-23_3/img_901.png,-0.987548828125,0.0714111328125,0,0,0
samples/2019-11-23_3/img_902.png,-0.3944091796875,0.064910888671875,1,0,0
samples/2019-11-23_3/img_903.png,-0.065216064453125,0.058441162109375,0,0,0
samples/2019-11-23_3/img_904.png,0.012420654296875,0.058441162109375,1,0,0
samples/2019-11-23_3/img_905.png,0.319854736328125,0.058441162109375,1,0,0
samples/2019-11-23_3/img_906.png,0.9378662109375,0.058441162109375,1,0,0
samples/2019-11-23_3/img_907.png,0.114898681640625,0.061676025390625,1,0,0
samples/2019-11-23_3/img_908.png,0.0496826171875,0.061676025390625,1,0,0
samples/2019-11-23_3/img_909.png,0.0496826171875,0.058441162109375,0,0,0
samples/2019-11-23_3/img_910.png,0.0496826171875,0.058441162109375,0,0,0
samples/2019-11-23_3/img_911.png,0.05279541015625,0.061676025390625,0,0,0
samples/2019-11-23_3/img_912.png,0.062103271484375,0.061676025390625,1,0,0
samples/2019-11-23_3/img_913.png,0.251556396484375,0.061676025390625,1,0,0
samples/2019-11-23_3/img_914.png,0.93475341796875,0.045440673828125,1,0,0
samples/2019-11-23_3/img_915.png,0.999969482421875,0.048675537109375,0,0,0
samples/2019-11-23_3/img_916.png,0.3167724609375,0.05194091796875,1,0,0
samples/2019-11-23_3/img_917.png,0.040374755859375,0.048675537109375,1,0,0
samples/2019-11-23_3/img_918.png,0.1273193359375,0.048675537109375,1,0,0
samples/2019-11-23_3/img_919.png,0.999969482421875,0.05194091796875,1,0,0
samples/2019-11-23_3/img_920.png,0.999969482421875,0.05194091796875,0,0,0
samples/2019-11-23_3/img_921.png,0.999969482421875,0.05194091796875,0,0,0
samples/2019-11-23_3/img_922.png,0.999969482421875,0.05194091796875,0,0,0
samples/2019-11-23_3/img_923.png,0.999969482421875,0.05194091796875,1,0,0
samples/2019-11-23_3/img_924.png,0.999969482421875,0.05194091796875,1,0,0
samples/2019-11-23_3/img_925.png,0.999969482421875,0.05194091796875,0,0,0
samples/2019-11-23_3/img_926.png,0.999969482421875,0.05194091796875,1,0,0
samples/2019-11-23_3/img_927.png,0.999969482421875,0.05194091796875,0,0,0
samples/2019-11-23_3/img_928.png,0.999969482421875,0.05194091796875,1,0,0
samples/2019-11-23_3/img_929.png,0.217376708984375,-0.019500732421875,0,0,0
samples/2019-11-23_3/img_930.png,0.12420654296875,-0.0162353515625,0,0,0
samples/2019-11-23_3/img_931.png,0.142852783203125,-0.019500732421875,0,0,0
samples/2019-11-23_3/img_932.png,0.82916259765625,-0.009765625,0,0,0
samples/2019-11-23_3/img_933.png,0.999969482421875,0.0714111328125,0,0,0
samples/2019-11-23_3/img_934.png,0.999969482421875,0.0714111328125,0,0,0
samples/2019-11-23_3/img_935.png,0.999969482421875,0.07464599609375,1,0,0
samples/2019-11-23_3/img_936.png,0.999969482421875,0.07464599609375,0,0,0
samples/2019-11-23_3/img_937.png,0.999969482421875,0.077911376953125,1,0,0
samples/2019-11-23_3/img_938.png,0.999969482421875,0.077911376953125,0,0,0
samples/2019-11-23_3/img_939.png,0.4658203125,0.1038818359375,0,0,0
samples/2019-11-23_3/img_940.png,0.161468505859375,0.1038818359375,1,0,0
samples/2019-11-23_3/img_941.png,-0.040374755859375,0.1038818359375,0,0,0
samples/2019-11-23_3/img_942.png,-0.040374755859375,0.1038818359375,0,0,0
samples/2019-11-23_3/img_943.png,0.381988525390625,0.1038818359375,1,0,0
samples/2019-11-23_3/img_944.png,0.763946533203125,0.1038818359375,0,0,0
samples/2019-11-23_3/img_945.png,0.015533447265625,0.09088134765625,1,0,0
samples/2019-11-23_3/img_946.png,-0.021728515625,0.09088134765625,0,0,0
samples/2019-11-23_3/img_947.png,-0.16461181640625,0.10064697265625,0,0,0
samples/2019-11-23_3/img_948.png,-0.434783935546875,0.13958740234375,0,0,0
samples/2019-11-23_3/img_949.png,-0.645965576171875,0.13958740234375,0,0,0
samples/2019-11-23_3/img_950.png,-0.192535400390625,0.13958740234375,1,0,0
samples/2019-11-23_3/img_951.png,-0.192535400390625,0.1363525390625,0,0,0
samples/2019-11-23_3/img_952.png,-0.24224853515625,0.1363525390625,1,0,0
samples/2019-11-23_3/img_953.png,-0.981353759765625,0.13958740234375,1,0,0
samples/2019-11-23_3/img_954.png,-0.31988525390625,0.152587890625,1,0,0
samples/2019-11-23_3/img_955.png,-0.521728515625,0.146087646484375,1,0,0
samples/2019-11-23_3/img_956.png,-0.711181640625,0.149322509765625,0,0,0
samples/2019-11-23_3/img_957.png,-0.96893310546875,0.17529296875,1,0,0
samples/2019-11-23_3/img_958.png,-0.9720458984375,0.181793212890625,0,0,0
samples/2019-11-23_3/img_959.png,-0.9720458984375,0.181793212890625,0,0,0
samples/2019-11-23_3/img_960.png,-0.437896728515625,0.181793212890625,1,0,0
samples/2019-11-23_3/img_961.png,-0.9720458984375,0.1915283203125,0,0,0
samples/2019-11-23_3/img_962.png,-0.9720458984375,0.194793701171875,1,0,0
samples/2019-11-23_3/img_963.png,-0.978240966796875,0.194793701171875,1,0,0
samples/2019-11-23_3/img_964.png,-0.978240966796875,0.194793701171875,1,0,0
samples/2019-11-23_3/img_965.png,-0.220489501953125,0.077911376953125,1,0,0
samples/2019-11-23_3/img_966.png,-0.15216064453125,0.077911376953125,0,0,0
samples/2019-11-23_3/img_967.png,0.121124267578125,0.061676025390625,1,0,0
samples/2019-11-23_3/img_968.png,0.630401611328125,0.061676025390625,1,0,0
samples/2019-11-23_3/img_969.png,0.0714111328125,0.061676025390625,0,0,0
samples/2019-11-23_3/img_970.png,0.040374755859375,0.064910888671875,1,0,0
samples/2019-11-23_3/img_971.png,0.22979736328125,0.064910888671875,1,0,0
samples/2019-11-23_3/img_972.png,0.947174072265625,0.064910888671875,1,0,0
samples/2019-11-23_3/img_973.png,0.9595947265625,0.064910888671875,1,0,0
samples/2019-11-23_3/img_974.png,0.38507080078125,0.058441162109375,1,0,0
samples/2019-11-23_3/img_975.png,0.012420654296875,0.048675537109375,1,0,0
samples/2019-11-23_3/img_976.png,0.040374755859375,0.048675537109375,1,0,0
samples/2019-11-23_3/img_977.png,0.692535400390625,0.048675537109375,1,0,0
samples/2019-11-23_3/img_978.png,0.999969482421875,0.045440673828125,1,0,0
samples/2019-11-23_3/img_979.png,0.999969482421875,0.045440673828125,1,0,0
samples/2019-11-23_3/img_980.png,0.38507080078125,0.048675537109375,1,0,0
samples/2019-11-23_3/img_981.png,0.043487548828125,0.048675537109375,1,0,0
samples/2019-11-23_3/img_982.png,0.043487548828125,0.048675537109375,1,0,0
samples/2019-11-23_3/img_983.png,0.562103271484375,0.048675537109375,1,0,0
samples/2019-11-23_3/img_984.png,0.562103271484375,0.048675537109375,1,0,0
samples/2019-11-23_3/img_985.png,0.043487548828125,0.045440673828125,1,0,0
samples/2019-11-23_3/img_986.png,0.009307861328125,0.045440673828125,1,0,0
samples/2019-11-23_3/img_987.png,-0.0341796875,0.048675537109375,1,0,0
samples/2019-11-23_3/img_988.png,-0.055908203125,0.048675537109375,1,0,0
samples/2019-11-23_3/img_989.png,-0.512420654296875,0.064910888671875,1,0,0
samples/2019-11-23_3/img_990.png,-0.512420654296875,0.064910888671875,1,0,0
samples/2019-11-23_3/img_991.png,-0.1273193359375,0.061676025390625,1,0,0
samples/2019-11-23_3/img_992.png,-0.062103271484375,0.061676025390625,1,0,0
samples/2019-11-23_3/img_993.png,-0.062103271484375,0.061676025390625,1,0,0
samples/2019-11-23_3/img_994.png,-0.062103271484375,0.061676025390625,1,0,0
samples/2019-11-23_3/img_995.png,-0.3726806640625,0.064910888671875,1,0,0
samples/2019-11-23_3/img_996.png,-0.3726806640625,0.064910888671875,1,0,0
samples/2019-11-23_3/img_997.png,-0.3726806640625,0.064910888671875,1,0,0
samples/2019-11-23_3/img_998.png,-0.16461181640625,0.064910888671875,1,0,0
samples/2019-11-23_3/img_999.png,0.0279541015625,0.058441162109375,1,0,0
samples/2019-11-23_3/img_1000.png,0.037261962890625,0.061676025390625,1,0,0
samples/2019-11-23_3/img_1001.png,0.9937744140625,0.058441162109375,0,0,0
samples/2019-11-23_3/img_1002.png,0.999969482421875,0.061676025390625,0,0,0
samples/2019-11-23_3/img_1003.png,0.999969482421875,0.061676025390625,0,0,0
samples/2019-11-23_3/img_1004.png,0.999969482421875,0.061676025390625,0,0,0
samples/2019-11-23_3/img_1005.png,0.999969482421875,0.061676025390625,0,0,0
samples/2019-11-23_3/img_1006.png,0.999969482421875,0.061676025390625,0,0,0
samples/2019-11-23_3/img_1007.png,0.999969482421875,0.061676025390625,1,0,0
samples/2019-11-23_3/img_1008.png,0.999969482421875,0.061676025390625,0,0,0
samples/2019-11-23_3/img_1009.png,-0.05279541015625,-0.022735595703125,1,0,0
samples/2019-11-23_3/img_1010.png,-0.062103271484375,-0.019500732421875,1,0,0
samples/2019-11-23_3/img_1011.png,0.999969482421875,0.06817626953125,1,0,0
samples/2019-11-23_3/img_1012.png,0.999969482421875,0.081146240234375,0,0,0
samples/2019-11-23_3/img_1013.png,0.999969482421875,0.081146240234375,1,0,0
samples/2019-11-23_3/img_1014.png,0.999969482421875,0.081146240234375,1,0,0
samples/2019-11-23_3/img_1015.png,0.999969482421875,0.08441162109375,1,0,0
samples/2019-11-23_3/img_1016.png,0.999969482421875,0.081146240234375,0,0,0
samples/2019-11-23_3/img_1017.png,0.05279541015625,0.06817626953125,1,0,0
samples/2019-11-23_3/img_1018.png,0.021728515625,0.06817626953125,0,0,0
samples/2019-11-23_3/img_1019.png,-0.23602294921875,0.0714111328125,1,0,0
samples/2019-11-23_3/img_1020.png,-0.4720458984375,0.0714111328125,1,0,0
samples/2019-11-23_3/img_1021.png,-0.18011474609375,0.06817626953125,1,0,0
samples/2019-11-23_3/img_1022.png,-0.189453125,0.0714111328125,1,0,0
samples/2019-11-23_3/img_1023.png,-0.167694091796875,0.0714111328125,1,0,0
samples/2019-11-23_3/img_1024.png,0.034149169921875,0.061676025390625,1,0,0
samples/2019-11-23_3/img_1025.png,0.999969482421875,0.064910888671875,0,0,0
samples/2019-11-23_3/img_1026.png,0.999969482421875,0.064910888671875,1,0,0
samples/2019-11-23_3/img_1027.png,0.999969482421875,0.064910888671875,1,0,0
samples/2019-11-23_3/img_1028.png,0.999969482421875,0.064910888671875,1,0,0
samples/2019-11-23_3/img_1029.png,0.999969482421875,0.061676025390625,0,0,0
samples/2019-11-23_3/img_1030.png,0.1490478515625,0.064910888671875,1,0,0
samples/2019-11-23_3/img_1031.png,0.999969482421875,0.08441162109375,0,0,0
samples/2019-11-23_3/img_1032.png,0.999969482421875,0.08441162109375,1,0,0
samples/2019-11-23_3/img_1033.png,0.999969482421875,0.08441162109375,0,0,0
samples/2019-11-23_3/img_1034.png,0.999969482421875,0.08441162109375,0,0,0
samples/2019-11-23_3/img_1035.png,0.999969482421875,0.08441162109375,0,0,0
samples/2019-11-23_3/img_1036.png,0.999969482421875,0.08441162109375,0,0,0
samples/2019-11-23_3/img_1037.png,0.1552734375,0.087646484375,1,0,0
samples/2019-11-23_3/img_1038.png,0.1490478515625,0.08441162109375,0,0,0
samples/2019-11-23_3/img_1039.png,-0.012420654296875,0.08441162109375,1,0,0
samples/2019-11-23_3/img_1040.png,-0.012420654296875,0.08441162109375,1,0,0
samples/2019-11-23_3/img_1041.png,-0.015533447265625,0.087646484375,0,0,0
samples/2019-11-23_3/img_1042.png,-0.0279541015625,0.087646484375,1,0,0
samples/2019-11-23_3/img_1043.png,-0.73602294921875,0.09088134765625,0,0,0
samples/2019-11-23_3/img_1044.png,-0.978240966796875,0.142852783203125,1,0,0
samples/2019-11-23_3/img_1045.png,-0.4937744140625,0.142852783203125,1,0,0
samples/2019-11-23_3/img_1046.png,-0.189453125,0.13958740234375,1,0,0
samples/2019-11-23_3/img_1047.png,-0.987548828125,0.13958740234375,1,0,0
samples/2019-11-23_3/img_1048.png,-0.987548828125,0.1363525390625,0,0,0
samples/2019-11-23_3/img_1049.png,-0.984466552734375,0.13958740234375,1,0,0
samples/2019-11-23_3/img_1050.png,-0.984466552734375,0.13958740234375,0,0,0
samples/2019-11-23_3/img_1051.png,-0.984466552734375,0.13958740234375,1,0,0
samples/2019-11-23_3/img_1052.png,-0.984466552734375,0.13958740234375,0,0,0
samples/2019-11-23_3/img_1053.png,-0.984466552734375,0.13958740234375,0,0,0
samples/2019-11-23_3/img_1054.png,-0.201873779296875,0.13958740234375,1,0,0
samples/2019-11-23_3/img_1055.png,-0.18634033203125,0.1363525390625,0,0,0
samples/2019-11-23_3/img_1056.png,-0.18634033203125,0.1363525390625,0,0,0
samples/2019-11-23_3/img_1057.png,-0.987548828125,0.1363525390625,0,0,0
samples/2019-11-23_3/img_1058.png,-0.987548828125,0.1363525390625,0,0,0
samples/2019-11-23_3/img_1059.png,-0.192535400390625,0.13958740234375,0,0,0
samples/2019-11-23_3/img_1060.png,-0.96270751953125,0.266204833984375,0,0,0
samples/2019-11-23_3/img_1061.png,-0.9658203125,0.26947021484375,0,0,0
samples/2019-11-23_3/img_1062.png,-0.9658203125,0.26947021484375,0,0,0
samples/2019-11-23_3/img_1063.png,-0.9658203125,0.26947021484375,0,0,0
samples/2019-11-23_3/img_1064.png,-0.9658203125,0.26947021484375,0,0,0
samples/2019-11-23_3/img_1065.png,0.04656982421875,0.149322509765625,1,0,0
samples/2019-11-23_3/img_1066.png,-0.068328857421875,0.094146728515625,0,0,0
samples/2019-11-23_3/img_1067.png,0.844696044921875,0.06817626953125,1,0,0
samples/2019-11-23_3/img_1068.png,0.999969482421875,0.06817626953125,1,0,0
samples/2019-11-23_3/img_1069.png,0.118011474609375,0.03570556640625,1,0,0
samples/2019-11-23_3/img_1070.png,0.1055908203125,0.03570556640625,1,0,0
samples/2019-11-23_3/img_1071.png,0.70184326171875,0.03570556640625,1,0,0
samples/2019-11-23_3/img_1072.png,0.57763671875,0.03570556640625,1,0,0
samples/2019-11-23_3/img_1073.png,-0.046600341796875,0.032440185546875,1,0,0
samples/2019-11-23_3/img_1074.png,-0.192535400390625,0.08441162109375,1,0,0
samples/2019-11-23_3/img_1075.png,-0.636627197265625,0.110382080078125,1,0,0
samples/2019-11-23_3/img_1076.png,-0.1614990234375,0.113616943359375,1,0,0
samples/2019-11-23_3/img_1077.png,0.170806884765625,0.087646484375,1,0,0
samples/2019-11-23_3/img_1078.png,0.428558349609375,0.077911376953125,1,0,0
samples/2019-11-23_3/img_1079.png,0.01861572265625,0.058441162109375,1,0,0
samples/2019-11-23_3/img_1080.png,0.01861572265625,0.058441162109375,1,0,0
samples/2019-11-23_3/img_1081.png,0.01861572265625,0.058441162109375,1,0,0
samples/2019-11-23_3/img_1082.png,0.01861572265625,0.058441162109375,1,0,0
samples/2019-11-23_3/img_1083.png,0.01861572265625,0.058441162109375,1,0,0
samples/2019-11-23_3/img_1084.png,0.01861572265625,0.058441162109375,1,0,0
samples/2019-11-23_3/img_1085.png,0.01861572265625,0.058441162109375,1,0,0
samples/2019-11-23_3/img_1086.png,0.01861572265625,0.058441162109375,1,0,0
samples/2019-11-23_3/img_1087.png,0.01861572265625,0.058441162109375,1,0,0
samples/2019-11-23_3/img_1088.png,0.01861572265625,0.058441162109375,1,0,0
samples/2019-11-23_3/img_1089.png,0.01861572265625,0.058441162109375,1,0,0
samples/2019-11-23_3/img_1090.png,0.01861572265625,0.058441162109375,1,0,0
samples/2019-11-23_3/img_1091.png,-0.043487548828125,0.058441162109375,1,0,0
samples/2019-11-23_3/img_1092.png,-0.192535400390625,0.012969970703125,1,0,0
samples/2019-11-23_3/img_1093.png,-0.189453125,0.00323486328125,1,0,0
samples/2019-11-23_3/img_1094.png,-0.189453125,0.00323486328125,1,0,0
samples/2019-11-23_3/img_1095.png,-0.124237060546875,0.0,1,0,0
samples/2019-11-23_3/img_1096.png,-0.124237060546875,0.00323486328125,0,0,0
samples/2019-11-23_3/img_1097.png,-0.7049560546875,-0.0811767578125,1,0,0
samples/2019-11-23_3/img_1098.png,-0.88818359375,-0.103912353515625,0,0,0
samples/2019-11-23_3/img_1099.png,-0.055908203125,-0.035736083984375,1,0,0
samples/2019-11-23_3/img_1100.png,0.177001953125,-0.032470703125,0,0,0
samples/2019-11-23_3/img_1101.png,0.121124267578125,-0.01300048828125,0,0,0
samples/2019-11-23_3/img_1102.png,0.0279541015625,-0.01300048828125,0,0,0
samples/2019-11-23_3/img_1103.png,0.88818359375,-0.01300048828125,0,0,0
samples/2019-11-23_3/img_1104.png,0.999969482421875,-0.0162353515625,0,0,0
samples/2019-11-23_3/img_1105.png,0.04656982421875,-0.01300048828125,0,0,0
samples/2019-11-23_3/img_1106.png,0.04656982421875,-0.01300048828125,0,0,0
samples/2019-11-23_3/img_1107.png,0.88507080078125,-0.01300048828125,0,0,0
samples/2019-11-23_3/img_1108.png,0.999969482421875,-0.0162353515625,1,0,0
samples/2019-11-23_3/img_1109.png,0.999969482421875,-0.01300048828125,1,0,0
samples/2019-11-23_3/img_1110.png,0.999969482421875,-0.01300048828125,1,0,0
samples/2019-11-23_3/img_1111.png,0.999969482421875,-0.01300048828125,1,0,0
samples/2019-11-23_3/img_1112.png,0.298126220703125,-0.01300048828125,0,0,0
samples/2019-11-23_3/img_1113.png,0.18011474609375,-0.0162353515625,0,0,0
samples/2019-11-23_3/img_1114.png,0.999969482421875,0.048675537109375,0,0,0
samples/2019-11-23_3/img_1115.png,0.999969482421875,0.05517578125,1,0,0
samples/2019-11-23_3/img_1116.png,0.999969482421875,0.05517578125,0,0,0
samples/2019-11-23_3/img_1117.png,0.999969482421875,0.05517578125,1,0,0
samples/2019-11-23_3/img_1118.png,0.999969482421875,0.05517578125,0,0,0
samples/2019-11-23_3/img_1119.png,0.999969482421875,0.05517578125,1,0,0
samples/2019-11-23_3/img_1120.png,0.999969482421875,0.064910888671875,1,0,0
samples/2019-11-23_3/img_1121.png,0.0496826171875,0.061676025390625,0,0,0
samples/2019-11-23_3/img_1122.png,-0.046600341796875,0.061676025390625,1,0,0
samples/2019-11-23_3/img_1123.png,-0.984466552734375,0.10064697265625,0,0,0
samples/2019-11-23_3/img_1124.png,-0.16461181640625,0.10064697265625,1,0,0
samples/2019-11-23_3/img_1125.png,-0.118011474609375,0.06817626953125,1,0,0
samples/2019-11-23_3/img_1126.png,-0.198760986328125,0.0714111328125,1,0,0
samples/2019-11-23_3/img_1127.png,-0.984466552734375,0.0714111328125,1,0,0
samples/2019-11-23_3/img_1128.png,-0.29193115234375,0.077911376953125,1,0,0
samples/2019-11-23_3/img_1129.png,0.034149169921875,0.06817626953125,1,0,0
samples/2019-11-23_3/img_1130.png,0.177001953125,0.06817626953125,1,0,0
samples/2019-11-23_3/img_1131.png,0.88818359375,0.06817626953125,1,0,0
samples/2019-11-23_3/img_1132.png,0.145965576171875,0.0714111328125,0,0,0
samples/2019-11-23_3/img_1133.png,0.133544921875,0.06817626953125,1,0,0
samples/2019-11-23_3/img_1134.png,0.1273193359375,0.0714111328125,0,0,0
samples/2019-11-23_3/img_1135.png,0.8819580078125,0.0714111328125,1,0,0
samples/2019-11-23_3/img_1136.png,0.65216064453125,0.06817626953125,0,0,0
samples/2019-11-23_3/img_1137.png,-0.05279541015625,0.0714111328125,0,0,0
samples/2019-11-23_3/img_1138.png,-0.21429443359375,0.149322509765625,1,0,0
samples/2019-11-23_3/img_1139.png,-0.5714111328125,0.2012939453125,0,0,0
samples/2019-11-23_3/img_1140.png,-0.24224853515625,0.18829345703125,1,0,0
samples/2019-11-23_3/img_1141.png,-0.245330810546875,0.149322509765625,1,0,0
samples/2019-11-23_3/img_1142.png,-0.81365966796875,0.178558349609375,0,0,0
samples/2019-11-23_3/img_1143.png,-0.593170166015625,0.2564697265625,1,0,0
samples/2019-11-23_3/img_1144.png,-0.170806884765625,0.12335205078125,1,0,0
samples/2019-11-23_3/img_1145.png,-0.167694091796875,0.08441162109375,0,0,0
samples/2019-11-23_3/img_1146.png,-0.167694091796875,0.08441162109375,0,0,0
samples/2019-11-23_3/img_1147.png,-0.114898681640625,0.061676025390625,0,0,0
samples/2019-11-23_3/img_1148.png,-0.114898681640625,0.061676025390625,0,0,0
samples/2019-11-23_3/img_1149.png,-0.114898681640625,0.061676025390625,0,0,0
samples/2019-11-23_3/img_1150.png,-0.114898681640625,0.058441162109375,0,0,0
samples/2019-11-23_3/img_1151.png,-0.11181640625,0.058441162109375,0,0,0
samples/2019-11-23_3/img_1152.png,-0.11181640625,0.058441162109375,0,0,0
samples/2019-11-23_3/img_1153.png,-0.11181640625,0.058441162109375,0,0,0
samples/2019-11-23_3/img_1154.png,-0.11181640625,0.058441162109375,0,0,0
samples/2019-11-23_3/img_1155.png,-0.114898681640625,0.058441162109375,0,0,0
samples/2019-11-23_3/img_1156.png,-0.114898681640625,0.058441162109375,0,0,0
samples/2019-11-23_3/img_1157.png,-0.114898681640625,0.058441162109375,0,0,0
samples/2019-11-23_3/img_1158.png,-0.114898681640625,0.058441162109375,0,0,0
samples/2019-11-23_3/img_1159.png,-0.114898681640625,0.058441162109375,0,0,0
samples/2019-11-23_3/img_1160.png,-0.114898681640625,0.058441162109375,0,0,0
samples/2019-11-23_3/img_1161.png,-0.114898681640625,0.058441162109375,0,0,0
samples/2019-11-23_3/img_1162.png,-0.05279541015625,0.03570556640625,0,0,0
samples/2019-11-23_3/img_1163.png,-0.02484130859375,0.032440185546875,0,0,0
samples/2019-11-23_3/img_1164.png,-0.02484130859375,0.032440185546875,0,0,0
samples/2019-11-23_3/img_1165.png,-0.02484130859375,0.032440185546875,0,0,0
samples/2019-11-23_3/img_1166.png,-0.02484130859375,0.032440185546875,0,0,0
samples/2019-11-23_3/img_1167.png,-0.02484130859375,0.032440185546875,0,0,0
